VBCSCompilerPreWarmer: pre-warm launched (dotnet PID 13716)
VBCSCompiler prewarm took 53.34 ms
[Licensing::Module] Trying to connect to existing licensing client channel...
[Licensing::IpcConnector] Successfully connected to: "LicenseClient-RAJATH M P" at "2026-09-09T17:34:54.1957106Z"
Built from '6000.6/respin/6000.6.0f1-fa21a270ab12' branch; Version is '6000.6.0f1 (f7f8ed4d1e24) revision 16251117'; Using compiler version '194234433'; Build Type 'Release'
OS: 'Windows 11  (10.0.26200) CoreSingleLanguage' Language: 'en' Physical Memory: 15710 MB
BatchMode: 0, IsHumanControllingUs: 1, StartBugReporterOnCrash: 1, Is64bit: 1
System  architecture: x64
Process architecture: x64
Date: 2026-09-09T17:34:54Z
[Licensing::Client] Code 10 while verifying Licensing Client signature (process Id: 10860, path: "C:/Program Files/Unity Hub/UnityLicensingClient_V1/Unity.Licensing.Client.exe")
[Licensing::Module] LicensingClient has failed validation; ignoring
[Licensing::Client] Handshaking with LicensingClient:
  Version:                 1.18.3+d7ffd15
  Session Id:              5a8f1f0eeaf940af9959117061678a97
  Correlation Id:          5c2694c39a3d80f7c76a1967391d0550
  External correlation Id: 7320577242286010950
  Machine Id:              ZF4O8NkHIAbU46++7safggeN9hA=
[Licensing::Module] Successfully connected to LicensingClient on channel: "LicenseClient-RAJATH M P" (connect: 0.00s, validation: 0.00s, handshake: 0.13s)
[Licensing::IpcConnector] Successfully connected to: "LicenseClient-RAJATH M P-notifications" at "2026-09-09T17:34:54.3351856Z"
[Licensing::Client] Successfully updated the access token
[Licensing::Module] Successfully updated the access token gSQpYXILLg...
[Licensing::Client] Successfully resolved entitlement details
[Licensing::Module] License group:
  Id: 13469965645955-UnityPersXXXX
  Product: Unity Personal
  Type: Assigned
  Expiration: Unlimited
[Licensing::Client] Successfully updated license, isAsync: True, time: 0.03
[Licensing::Client] Successfully resolved entitlement details
[Licensing::Module] Licensing Background thread has ended after 0.20s

COMMAND LINE ARGUMENTS:
C:\Program Files\Unity\Hub\Editor\6000.6.0f1\Editor\Unity.exe
-projectpath
C:\Users\RAJATH M P\OneDrive\Desktop\heart
-acceptSoftwareTermsForThisRunOnly
-useHub
-hubIPC
-cloudEnvironment
production
-licensingIpc
LicenseClient-RAJATH M P
-hubSessionId
e0455234-e395-448f-8b34-ce0e34e09ea2
-accessToken
gSQpYXILLg-fr4k1coHK9NF03wNUJdZcvDHiPz2X7l000cf
Successfully changed project path to: C:\Users\RAJATH M P\OneDrive\Desktop\heart
C:/Users/RAJATH M P/OneDrive/Desktop/heart
[UnityMemory] Configuration Parameters - Can be set up in boot.config
    "memorysetup-temp-allocator-size-gi-baking-worker=262144"
    "memorysetup-temp-allocator-size-gi-baking-worker=262144"
    "memorysetup-temp-allocator-size-gi-baking-worker=262144"
    "memorysetup-temp-allocator-size-gi-baking-worker=262144"
    "memorysetup-temp-allocator-size-gi-baking-worker=262144"
    "memorysetup-temp-allocator-size-nav-mesh-worker=65536"
    "memorysetup-temp-allocator-size-audio-worker=65536"
    "memorysetup-temp-allocator-size-cloud-worker=32768"
    "memorysetup-temp-allocator-size-gfx=262144"
    "memorysetup-remapper-allocator-initial-capacity=32768"
    "memorysetup-temp-allocator-size-preload-manager=33554432"
    "memorysetup-allocator-temp-initial-block-size-main=262144"
    "memorysetup-allocator-temp-initial-block-size-worker=262144"
    "memorysetup-temp-allocator-size-job-worker=262144"
    "memorysetup-temp-allocator-size-background-worker=32768"
    "memorysetup-bucket-allocator-granularity=16"
    "memorysetup-bucket-allocator-bucket-count=8"
    "memorysetup-bucket-allocator-block-size=33554432"
    "memorysetup-bucket-allocator-block-count=8"
    "memorysetup-main-allocator-block-size=16777216"
    "memorysetup-thread-allocator-block-size=16777216"
    "memorysetup-main-allocator-mimalloc-enabled=1"
    "memorysetup-gfx-main-allocator-block-size=16777216"
    "memorysetup-gfx-thread-allocator-block-size=16777216"
    "memorysetup-cache-allocator-block-size=4194304"
    "memorysetup-typetree-allocator-block-size=2097152"
    "memorysetup-profiler-bucket-allocator-granularity=16"
    "memorysetup-profiler-bucket-allocator-bucket-count=8"
    "memorysetup-profiler-bucket-allocator-block-size=33554432"
    "memorysetup-profiler-bucket-allocator-block-count=8"
    "memorysetup-profiler-allocator-block-size=16777216"
    "memorysetup-profiler-editor-allocator-block-size=1048576"
    "memorysetup-temp-allocator-size-main=16777216"
    "memorysetup-job-temp-allocator-block-size=2097152"
    "memorysetup-job-temp-allocator-block-size-background=1048576"
    "memorysetup-job-temp-allocator-reduction-small-platforms=262144"
Player connection [12868]  Target information:

Player connection [12868]  * "[IP] 192.168.56.1 [Port] 55504 [Flags] 2 [Guid] 1728878207 [EditorId] 1728878207 [Version] 1048832 [Id] WindowsEditor(7,LAPTOP-75VBJCFJ) [Debug] 1 [PackageName] WindowsEditor [ProjectName] Editor" 

Player connection [12868]  * "[IP] 10.14.174.249 [Port] 55504 [Flags] 2 [Guid] 1728878207 [EditorId] 1728878207 [Version] 1048832 [Id] WindowsEditor(7,LAPTOP-75VBJCFJ) [Debug] 1 [PackageName] WindowsEditor [ProjectName] Editor" 

Player connection [12868] Host joined multi-casting on [225.0.0.222:54997]...
Player connection [12868] Host joined alternative multi-casting on [225.0.0.222:34997]...
Input System module state changed to: Initialized.
[Physics::Module] Initialized fallback backend.
[Physics::Module] Id: 0xdecafbad
[Package Manager] Connected to IPC stream "Upm-18904" after 0.7 seconds.
[Licensing::Client] Successfully resolved entitlement details
Library Redirect Path: Library/
Initialising UDS system complete:
  - System type: Client
  - Resource namespace: f726441e8360048c8c620c38920c4764
  - Shared memory size: 1073741824
  - Command buffer id: 1052576
  - Command buffer size: 8192
  - Hashmap size: 4194304
  - Service connected: false
Launching Unity Data Store - C:/Program Files/Unity/Hub/Editor/6000.6.0f1/Editor/Data/Tools/Unity.DataStore.exe 
Unity Data Store artifact dir = Library/DataStore, working dir = C:/Users/RAJATH M P/OneDrive/Desktop/heart[Physics::Module] Selected backend.
[Physics::Module] Name: PhysX
[Physics::Module] Id: 0xf2b8ea05
[Physics::Module] SDK Version: 4.1.2
[Physics::Module] Integration Version: 1.0.0
[Physics::Module] Threading Mode: Multi-Threaded
Unity Data Store running and initialised
Refreshing native plugins compatible for Editor in 3.04 ms, found 0 plugins.
Initialize engine version: 6000.6.0f1 (f7f8ed4d1e24)
[EntityIdStore] init: VM path (explicit commit), pageSize=4096, blockCount=1048576, entitiesPerBlock=256, slots reserved=4294967296 bytes
[Subsystems] Discovering subsystems at path C:/Program Files/Unity/Hub/Editor/6000.6.0f1/Editor/Data/Resources/UnitySubsystems
[Subsystems] Discovering subsystems at path C:/Users/RAJATH M P/OneDrive/Desktop/heart/Assets
[D3D12 Device Filter] Vendor Name: NVIDIA
[D3D12 Device Filter] Device Name: NVIDIA GeForce RTX 3050 Laptop GPU
[D3D12 Device Filter] Driver Version: 32.0.15.9282
[D3D12 Device Filter] Feature Level: 12.2
[D3D12 Device Filter] Graphics Memory: 3962 MB
[D3D12 Device Filter] Processor Count: 12
[D3D12 Device Filter] Device Type: Discrete
GfxDevice: creating device client; kGfxThreadingModeSplitJobs
d3d12: failed to query info queue interface (0x80004002).
Direct3D:
    Version:         Direct3D 12 [level 12.2]
    Renderer:        NVIDIA GeForce RTX 3050 Laptop GPU (ID=0x25a2)
    Vendor:          NVIDIA
    VRAM:            3962 MB
    App VRAM Budget: 3367 MB
    Driver:          32.0.15.9282
Initialize mono
Mono path[0] = 'C:/Program Files/Unity/Hub/Editor/6000.6.0f1/Editor/Data/Managed'
Mono path[1] = 'C:/Program Files/Unity/Hub/Editor/6000.6.0f1/Editor/Data/BCLExtensions/runtime/netstandard2.1'
Mono path[2] = 'C:/Program Files/Unity/Hub/Editor/6000.6.0f1/Editor/Data/MonoBleedingEdge/lib/mono/unityjit-win32'
Mono config path = 'C:/Program Files/Unity/Hub/Editor/6000.6.0f1/Editor/Data/MonoBleedingEdge/etc'
Using monoOptions --debugger-agent=transport=dt_socket,embedding=1,server=y,suspend=n,address=127.0.0.1:56904
CodeReloadManager initialized
ImportWorker Server TCP listen port: 0
AcceleratorClientConnectionCallback - disconnected - :0
Begin MonoManager ReloadAssembly
Registering precompiled unity dll's ...
Register platform support module: C:/Program Files/Unity/Hub/Editor/6000.6.0f1/Editor/Data/PlaybackEngines/WebGLSupport/UnityEditor.WebGL.Extensions.dll
Register platform support module: C:/Program Files/Unity/Hub/Editor/6000.6.0f1/Editor/Data/PlaybackEngines/WindowsStandaloneSupport/UnityEditor.WindowsStandalone.Extensions.dll
Registered in 0.535578 seconds.
Native extension for WindowsStandalone target not found
Native extension for WebGL target not found
Package Manager log level set to [2]
ScheduleIndexationOnStartup MainProcess:False IndexOnStartup:True
Scripting: successfully reloaded assembly
- Finished resetting the current domain, in  2.692 seconds
Domain Reload Profiling: 6079ms
	BeginReloadAssembly (420ms)
		CreateAndSetChildDomain (14ms)
	RebuildCommonClasses (10ms)
	RebuildNativeTypeToScriptingClass (247ms)
	initialDomainReloadingComplete (796ms)
	LoadAllAssembliesAndSetupDomain (1912ms)
		LoadAssemblies (405ms)
		TypeCache.Refresh (1716ms)
			TypeCache.ScanAssembly (1416ms)
		AnalyzeDomain (3ms)
	FinalizeReload (2694ms)
		SetupLoadedEditorAssemblies (0ms)
			LogAssemblyErrors (3ms)
			InitializePlatformSupportModulesInManaged (5ms)
			BeforeProcessingInitializeOnLoad (172ms)
			ProcessInitializeOnLoadAttributes (178ms)
			ProcessInitializeOnLoadMethodAttributes (1317ms)
[Licensing::Client] Successfully resolved entitlement details
Application.AssetDatabase Initial Refresh Start
[Package Manager] Restoring resolved packages state from cache
[Licensing::Client] Successfully resolved entitlement details
[Package Manager] Registered 51 packages:
  Packages from [https://packages.unity.com]:
    com.unity.ide.rider@3.0.38 (location: C:\Users\RAJATH M P\OneDrive\Desktop\heart\Library\PackageCache\com.unity.ide.rider@1f60b3138684)
    com.unity.ide.visualstudio@2.0.26 (location: C:\Users\RAJATH M P\OneDrive\Desktop\heart\Library\PackageCache\com.unity.ide.visualstudio@a99d56dec63f)
    com.unity.xr.arcore@6.6.2 (location: C:\Users\RAJATH M P\OneDrive\Desktop\heart\Library\PackageCache\com.unity.xr.arcore@48fb51f3ca76)
    com.unity.xr.arfoundation@6.6.2 (location: C:\Users\RAJATH M P\OneDrive\Desktop\heart\Library\PackageCache\com.unity.xr.arfoundation@d57b0b4d336a)
    com.unity.inputsystem@1.20.0 (location: C:\Users\RAJATH M P\OneDrive\Desktop\heart\Library\PackageCache\com.unity.inputsystem@7a4e1a2a8194)
    com.unity.xr.core-utils@2.6.0 (location: C:\Users\RAJATH M P\OneDrive\Desktop\heart\Library\PackageCache\com.unity.xr.core-utils@a8b900321199)
    com.unity.xr.management@4.7.0 (location: C:\Users\RAJATH M P\OneDrive\Desktop\heart\Library\PackageCache\com.unity.xr.management@2ad85c7dd480)
    com.unity.xr.legacyinputhelpers@3.0.1 (location: C:\Users\RAJATH M P\OneDrive\Desktop\heart\Library\PackageCache\com.unity.xr.legacyinputhelpers@3f62d634f63b)
  Built-in packages:
    com.unity.modules.accessibility@1.0.0 (location: C:\Users\RAJATH M P\OneDrive\Desktop\heart\Library\PackageCache\com.unity.modules.accessibility)
    com.unity.modules.adaptiveperformance@1.0.0 (location: C:\Users\RAJATH M P\OneDrive\Desktop\heart\Library\PackageCache\com.unity.modules.adaptiveperformance)
    com.unity.modules.ai@1.0.0 (location: C:\Users\RAJATH M P\OneDrive\Desktop\heart\Library\PackageCache\com.unity.modules.ai)
    com.unity.modules.androidjni@1.0.0 (location: C:\Users\RAJATH M P\OneDrive\Desktop\heart\Library\PackageCache\com.unity.modules.androidjni)
    com.unity.modules.animation@1.0.0 (location: C:\Users\RAJATH M P\OneDrive\Desktop\heart\Library\PackageCache\com.unity.modules.animation)
    com.unity.modules.assetbundle@1.0.0 (location: C:\Users\RAJATH M P\OneDrive\Desktop\heart\Library\PackageCache\com.unity.modules.assetbundle)
    com.unity.modules.audio@1.0.0 (location: C:\Users\RAJATH M P\OneDrive\Desktop\heart\Library\PackageCache\com.unity.modules.audio)
    com.unity.modules.cloth@1.0.0 (location: C:\Users\RAJATH M P\OneDrive\Desktop\heart\Library\PackageCache\com.unity.modules.cloth)
    com.unity.modules.director@1.0.0 (location: C:\Users\RAJATH M P\OneDrive\Desktop\heart\Library\PackageCache\com.unity.modules.director)
    com.unity.modules.imageconversion@1.0.0 (location: C:\Users\RAJATH M P\OneDrive\Desktop\heart\Library\PackageCache\com.unity.modules.imageconversion)
    com.unity.modules.imgui@1.0.0 (location: C:\Users\RAJATH M P\OneDrive\Desktop\heart\Library\PackageCache\com.unity.modules.imgui)
    com.unity.modules.jsonserialize@1.0.0 (location: C:\Users\RAJATH M P\OneDrive\Desktop\heart\Library\PackageCache\com.unity.modules.jsonserialize)
    com.unity.modules.particlesystem@1.0.0 (location: C:\Users\RAJATH M P\OneDrive\Desktop\heart\Library\PackageCache\com.unity.modules.particlesystem)
    com.unity.modules.physics@1.0.0 (location: C:\Users\RAJATH M P\OneDrive\Desktop\heart\Library\PackageCache\com.unity.modules.physics)
    com.unity.modules.physics2d@1.0.0 (location: C:\Users\RAJATH M P\OneDrive\Desktop\heart\Library\PackageCache\com.unity.modules.physics2d)
    com.unity.modules.physicscore2d@1.0.0 (location: C:\Users\RAJATH M P\OneDrive\Desktop\heart\Library\PackageCache\com.unity.modules.physicscore2d)
    com.unity.modules.screencapture@1.0.0 (location: C:\Users\RAJATH M P\OneDrive\Desktop\heart\Library\PackageCache\com.unity.modules.screencapture)
    com.unity.modules.terrain@1.0.0 (location: C:\Users\RAJATH M P\OneDrive\Desktop\heart\Library\PackageCache\com.unity.modules.terrain)
    com.unity.modules.terrainphysics@1.0.0 (location: C:\Users\RAJATH M P\OneDrive\Desktop\heart\Library\PackageCache\com.unity.modules.terrainphysics)
    com.unity.modules.tetgen@1.0.0 (location: C:\Users\RAJATH M P\OneDrive\Desktop\heart\Library\PackageCache\com.unity.modules.tetgen)
    com.unity.modules.tilemap@1.0.0 (location: C:\Users\RAJATH M P\OneDrive\Desktop\heart\Library\PackageCache\com.unity.modules.tilemap)
    com.unity.modules.timelinefoundation@1.0.0 (location: C:\Users\RAJATH M P\OneDrive\Desktop\heart\Library\PackageCache\com.unity.modules.timelinefoundation)
    com.unity.modules.ui@1.0.0 (location: C:\Users\RAJATH M P\OneDrive\Desktop\heart\Library\PackageCache\com.unity.modules.ui)
    com.unity.modules.uielements@1.0.0 (location: C:\Users\RAJATH M P\OneDrive\Desktop\heart\Library\PackageCache\com.unity.modules.uielements)
    com.unity.modules.umbra@1.0.0 (location: C:\Users\RAJATH M P\OneDrive\Desktop\heart\Library\PackageCache\com.unity.modules.umbra)
    com.unity.modules.unityanalytics@1.0.0 (location: C:\Users\RAJATH M P\OneDrive\Desktop\heart\Library\PackageCache\com.unity.modules.unityanalytics)
    com.unity.modules.unitywebrequest@1.0.0 (location: C:\Users\RAJATH M P\OneDrive\Desktop\heart\Library\PackageCache\com.unity.modules.unitywebrequest)
    com.unity.modules.unitywebrequestassetbundle@1.0.0 (location: C:\Users\RAJATH M P\OneDrive\Desktop\heart\Library\PackageCache\com.unity.modules.unitywebrequestassetbundle)
    com.unity.modules.unitywebrequestaudio@1.0.0 (location: C:\Users\RAJATH M P\OneDrive\Desktop\heart\Library\PackageCache\com.unity.modules.unitywebrequestaudio)
    com.unity.modules.unitywebrequesttexture@1.0.0 (location: C:\Users\RAJATH M P\OneDrive\Desktop\heart\Library\PackageCache\com.unity.modules.unitywebrequesttexture)
    com.unity.modules.unitywebrequestwww@1.0.0 (location: C:\Users\RAJATH M P\OneDrive\Desktop\heart\Library\PackageCache\com.unity.modules.unitywebrequestwww)
    com.unity.modules.vectorgraphics@1.0.0 (location: C:\Users\RAJATH M P\OneDrive\Desktop\heart\Library\PackageCache\com.unity.modules.vectorgraphics)
    com.unity.modules.vehicles@1.0.0 (location: C:\Users\RAJATH M P\OneDrive\Desktop\heart\Library\PackageCache\com.unity.modules.vehicles)
    com.unity.modules.video@1.0.0 (location: C:\Users\RAJATH M P\OneDrive\Desktop\heart\Library\PackageCache\com.unity.modules.video)
    com.unity.modules.wind@1.0.0 (location: C:\Users\RAJATH M P\OneDrive\Desktop\heart\Library\PackageCache\com.unity.modules.wind)
    com.unity.modules.xr@1.0.0 (location: C:\Users\RAJATH M P\OneDrive\Desktop\heart\Library\PackageCache\com.unity.modules.xr)
    com.unity.modules.subsystems@1.0.0 (location: C:\Users\RAJATH M P\OneDrive\Desktop\heart\Library\PackageCache\com.unity.modules.subsystems)
    com.unity.modules.hierarchycore@1.0.0 (location: C:\Users\RAJATH M P\OneDrive\Desktop\heart\Library\PackageCache\com.unity.modules.hierarchycore)
    com.unity.ugui@2.6.0 (location: C:\Users\RAJATH M P\OneDrive\Desktop\heart\Library\PackageCache\com.unity.ugui@23caec89ae27)
    com.unity.mathematics@1.4.0 (location: C:\Users\RAJATH M P\OneDrive\Desktop\heart\Library\PackageCache\com.unity.mathematics@8306a64d0cd6)
    com.unity.editorcoroutines@6.6.0 (location: C:\Users\RAJATH M P\OneDrive\Desktop\heart\Library\PackageCache\com.unity.editorcoroutines@8cd72baa102a)
    com.unity.test-framework@1.8.0 (location: C:\Users\RAJATH M P\OneDrive\Desktop\heart\Library\PackageCache\com.unity.test-framework@7a3849e09bd0)
    com.unity.ext.nunit@2.1.0 (location: C:\Users\RAJATH M P\OneDrive\Desktop\heart\Library\PackageCache\com.unity.ext.nunit@0198eae3b53e)
[Subsystems] Looking for new subsystems at path C:\Users\RAJATH M P\OneDrive\Desktop\heart\Library\PackageCache\com.unity.xr.arfoundation@d57b0b4d336a
[Subsystems] Novel subsystem found at Library/PackageCache/com.unity.xr.arfoundation@d57b0b4d336a/Runtime/UnitySubsystemsManifest.json
[Subsystems] Discovering subsystems at path C:/Program Files/Unity/Hub/Editor/6000.6.0f1/Editor/Data/Resources/UnitySubsystems
[Subsystems] Discovering subsystems at path C:/Users/RAJATH M P/OneDrive/Desktop/heart/Assets
[Subsystems] Discovering subsystems at path C:\Users\RAJATH M P\OneDrive\Desktop\heart\Library\PackageCache\com.unity.xr.arfoundation@d57b0b4d336a
[Subsystems] No descriptors matched for  examples in Library/PackageCache/com.unity.xr.arfoundation@d57b0b4d336a/Runtime/UnitySubsystemsManifest.json.
[Subsystems] 1 'inputs' descriptors matched in Library/PackageCache/com.unity.xr.arfoundation@d57b0b4d336a/Runtime/UnitySubsystemsManifest.json
[Subsystems] No descriptors matched for  displays in Library/PackageCache/com.unity.xr.arfoundation@d57b0b4d336a/Runtime/UnitySubsystemsManifest.json.
[Subsystems] 1 'meshings' descriptors matched in Library/PackageCache/com.unity.xr.arfoundation@d57b0b4d336a/Runtime/UnitySubsystemsManifest.json
[Package Manager] Done registering packages in 0.04 seconds
Starting: C:\Program Files\Unity\Hub\Editor\6000.6.0f1\Editor\Data\Tools\BuildPipeline\bee_backend.exe --ipc --defer-dag-verification --dagfile="Library/Bee/1900b0aE.dag" --continue-on-failure --profile="Library/Bee/backend1.traceevents" ScriptAssemblies
WorkingDir: C:/Users/RAJATH M P/OneDrive/Desktop/heart
Starting: C:\Program Files\Unity\Hub\Editor\6000.6.0f1\Editor\Data\DotNetSdk\dotnet.exe "C:\Program Files\Unity\Hub\Editor\6000.6.0f1\Editor\Data\Tools\BuildPipeline\ScriptCompilationBuildProgram.exe" "Library/Bee/1900b0aE.dag.json" "Library/Bee/1900b0aE-inputdata.json" "Library\Bee\buildprogram0.traceevents"
WorkingDir: C:/Users/RAJATH M P/OneDrive/Desktop/heart
ExitCode: 4 Duration: 0s695ms
[429/584    0s] CopyFiles Library/ScriptAssemblies/Unity.VisualStudio.Editor.pdb
[448/584    0s] CopyFiles Library/ScriptAssemblies/Unity.Rider.Editor.dll
[453/584    0s] CopyFiles Library/ScriptAssemblies/Unity.Rider.Editor.pdb
[455/584    0s] CopyFiles Library/ScriptAssemblies/Unity.VisualStudio.Editor.dll
Rebuilding DAG because FileSignature timestamp changed: Library/Bee/1900b0aE-inputdata.json
[472/584    0s] ILPP-Configuration Library/ilpp-configuration.nevergeneratedoutput
*** Tundra requires additional run (0.61 seconds), 5 items updated, 471 evaluated
ExitCode: 0 Duration: 2s365ms
Starting: C:\Program Files\Unity\Hub\Editor\6000.6.0f1\Editor\Data\Tools\BuildPipeline\bee_backend.exe --ipc --defer-dag-verification --dagfile="Library/Bee/1900b0aE.dag" --continue-on-failure --dagfilejson="Library\Bee\1900b0aE.dag.json" --profile="Library/Bee/backend2.traceevents" ScriptAssemblies
WorkingDir: C:/Users/RAJATH M P/OneDrive/Desktop/heart
ExitCode: 0 Duration: 20s
Finished compiling graph: 587 nodes, 9365 flattened edges (8201 ToBuild, 78 ToUse), maximum node priority 558
[196/584    0s] WriteText Library/Bee/artifacts/1900b0aE.dag/Unity.InputSystem.rsp
[205/584    0s] WriteText Library/Bee/artifacts/1900b0aE.dag/Unity.XR.CoreUtils.Editor.rsp
[209/584    0s] WriteText Library/Bee/artifacts/1900b0aE.dag/UnityEngine.SpatialTracking.rsp
[211/584    0s] WriteText Library/Bee/artifacts/1900b0aE.dag/UnityEngine.UI.rsp
[212/584    0s] WriteText Library/Bee/artifacts/1900b0aE.dag/UnityEngine.TestRunner.rsp
[213/584    0s] WriteText Library/Bee/artifacts/1900b0aE.dag/UnityEditor.UI.rsp
[218/584    0s] WriteText Library/Bee/artifacts/1900b0aE.dag/UnityEditor.TestRunner.rsp
[225/584    0s] WriteText Library/Bee/artifacts/1900b0aE.dag/Unity.XR.CoreUtils.rsp
[231/584    0s] WriteText Library/Bee/artifacts/1900b0aE.dag/Unity.XR.ARFoundation.rsp
[240/584    0s] WriteText Library/Bee/artifacts/1900b0aE.dag/Unity.XR.ARSubsystems.rsp
[245/584    0s] WriteText Library/Bee/artifacts/1900b0aE.dag/Unity.XR.ARFoundation.InternalUtils.rsp
[246/584    0s] WriteText Library/Bee/artifacts/1900b0aE.dag/Unity.InternalAPIEngineBridge.004.rsp
[247/584    0s] WriteText Library/Bee/artifacts/1900b0aE.dag/Unity.XR.Management.Editor.rsp
[248/584    0s] WriteText Library/Bee/artifacts/1900b0aE.dag/Unity.XR.Management.rsp
[249/584    0s] WriteText Library/Bee/artifacts/1900b0aE.dag/Unity.Mathematics.rsp
[250/584    0s] WriteText Library/Bee/artifacts/1900b0aE.dag/Unity.InputSystem.ForUI.rsp
[256/584    0s] WriteText Library/Bee/artifacts/1900b0aE.dag/Unity.XR.ARAnalytics.Editor.rsp
[261/584    0s] WriteText Library/Bee/artifacts/1900b0aE.dag/Unity.XR.Simulation.rsp
[289/584    0s] WriteText Library/Bee/artifacts/1900b0aE.dag/UnityEngine.XR.LegacyInputHelpers.rsp
[290/584    0s] WriteText Library/Bee/artifacts/1900b0aE.dag/Unity.TextMeshPro.rsp
[291/584    0s] WriteText Library/Bee/artifacts/1900b0aE.dag/Unity.EditorCoroutines.Editor.rsp
[292/584    0s] WriteText Library/Bee/artifacts/1900b0aE.dag/Unity.XR.ARSubsystems.Editor.rsp
[293/584    0s] WriteText Library/Bee/artifacts/1900b0aE.dag/Unity.XR.ARFoundation.VisualScripting.rsp
[294/584    0s] WriteText Library/Bee/artifacts/1900b0aE.dag/Unity.XR.ARCore.rsp
[295/584    0s] WriteText Library/Bee/artifacts/1900b0aE.dag/Unity.XR.ARCore.Editor.rsp
[296/584    0s] WriteText Library/Bee/artifacts/1900b0aE.dag/Unity.XR.ARFoundation.Editor.rsp
[297/584    0s] WriteText Library/Bee/artifacts/1900b0aE.dag/Unity.Rider.Editor.rsp
[298/584    0s] WriteText Library/Bee/artifacts/1900b0aE.dag/UnityEditor.UI.Analytics.rsp
[308/584    0s] WriteText Library/Bee/artifacts/1900b0aE.dag/Unity.XR.ARFoundation.InternalUtils.Editor.rsp
[309/584    0s] WriteText Library/Bee/artifacts/1900b0aE.dag/UnityEditor.SpatialTracking.rsp
[310/584    0s] WriteText Library/Bee/artifacts/1900b0aE.dag/Unity.VisualStudio.Editor.rsp
[311/584    0s] WriteText Library/Bee/artifacts/1900b0aE.dag/Unity.XR.ARFoundation.VisualScripting.Editor.rsp
[312/584    0s] WriteText Library/Bee/artifacts/1900b0aE.dag/Unity.InputSystem.ForUI.Editor.rsp
[313/584    0s] WriteText Library/Bee/artifacts/1900b0aE.dag/Unity.TextMeshPro.Editor.rsp
[314/584    0s] WriteText Library/Bee/artifacts/1900b0aE.dag/Unity.XR.Simulation.Editor.rsp
[315/584    0s] WriteResponseFile Library/Bee/artifacts/rsp/8860347324984707772.rsp
[316/584    0s] WriteText Library/Bee/artifacts/1900b0aE.dag/Unity.InputSystem.TestFramework.rsp
[317/584    0s] WriteText Library/Bee/artifacts/1900b0aE.dag/Unity.InputSystem.DocCodeSamples.rsp
[318/584    0s] WriteResponseFile Library/Bee/artifacts/rsp/5546506141355401238.rsp
[319/584    0s] WriteResponseFile Library/Bee/artifacts/rsp/6395847020536617641.rsp
[320/584    0s] WriteResponseFile Library/Bee/artifacts/rsp/3071285868016441895.rsp
[321/584    0s] WriteResponseFile Library/Bee/artifacts/rsp/16391873320122031643.rsp
[322/584    0s] WriteResponseFile Library/Bee/artifacts/rsp/6146630326014295711.rsp
[323/584    0s] WriteResponseFile Library/Bee/artifacts/rsp/11294775302662683298.rsp
[324/584    0s] WriteText Library/Bee/artifacts/1900b0aE.dag/UnityEditor.XR.LegacyInputHelpers.rsp
[325/584    0s] WriteText Library/Bee/artifacts/1900b0aE.dag/Assembly-CSharp.rsp
[326/584    0s] WriteResponseFile Library/Bee/artifacts/rsp/7093433776233577073.rsp
[327/584    0s] WriteResponseFile Library/Bee/artifacts/rsp/4832358000590541344.rsp
[328/584    0s] WriteResponseFile Library/Bee/artifacts/rsp/14879560437332476990.rsp
[329/584    0s] WriteResponseFile Library/Bee/artifacts/rsp/12510176907858834296.rsp
[330/584    0s] WriteResponseFile Library/Bee/artifacts/rsp/17346584914308636752.rsp
[331/584    0s] WriteResponseFile Library/Bee/artifacts/rsp/13686715218353603589.rsp
[332/584    0s] WriteResponseFile Library/Bee/artifacts/rsp/609646877693935637.rsp
[333/584    0s] WriteResponseFile Library/Bee/artifacts/rsp/5916180605834378387.rsp
[334/584    0s] WriteResponseFile Library/Bee/artifacts/rsp/7606483801609891643.rsp
[335/584    0s] WriteResponseFile Library/Bee/artifacts/rsp/10292501669419677951.rsp
[336/584    0s] WriteResponseFile Library/Bee/artifacts/rsp/11743693788726679458.rsp
[337/584    0s] WriteResponseFile Library/Bee/artifacts/rsp/9317567981082607088.rsp
[338/584    0s] WriteResponseFile Library/Bee/artifacts/rsp/3064155424177982801.rsp
[339/584    0s] WriteResponseFile Library/Bee/artifacts/rsp/2953117779104569460.rsp
[340/584    0s] WriteResponseFile Library/Bee/artifacts/rsp/543479233975629205.rsp
[341/584    0s] WriteResponseFile Library/Bee/artifacts/rsp/10678863128556690338.rsp
[342/584    0s] WriteResponseFile Library/Bee/artifacts/rsp/16919681131166719316.rsp
[343/584    0s] WriteResponseFile Library/Bee/artifacts/rsp/8863518860715653438.rsp
[344/584    0s] WriteResponseFile Library/Bee/artifacts/rsp/11896635970506379095.rsp
[345/584    0s] WriteResponseFile Library/Bee/artifacts/rsp/2655319114021734818.rsp
[346/584    0s] WriteResponseFile Library/Bee/artifacts/rsp/6591615775254759062.rsp
[347/584    0s] WriteResponseFile Library/Bee/artifacts/rsp/9131395799607273628.rsp
[348/584    0s] WriteResponseFile Library/Bee/artifacts/rsp/12812556936427222528.rsp
[349/584    0s] WriteResponseFile Library/Bee/artifacts/rsp/11721167980350881331.rsp
[350/584    0s] WriteResponseFile Library/Bee/artifacts/rsp/15958407531564136273.rsp
[351/584    0s] WriteResponseFile Library/Bee/artifacts/rsp/2608364965435695690.rsp
[352/584    0s] WriteResponseFile Library/Bee/artifacts/rsp/14566447020836459352.rsp
[353/584    0s] WriteResponseFile Library/Bee/artifacts/rsp/3974625879278513519.rsp
[354/584    0s] WriteResponseFile Library/Bee/artifacts/rsp/5861245798550499773.rsp
[355/584    0s] WriteResponseFile Library/Bee/artifacts/rsp/8166486921578947860.rsp
[356/584    0s] ILPP-Configuration Library/ilpp-configuration.nevergeneratedoutput
[           0s] Csc Library/Bee/artifacts/1900b0aE.dag/UnityEngine.UI.dll (+2 others) [CacheMiss fa6c22b749fe048a13513d9dfbe32d0900000000000000000000000000000006]
[           0s] Csc Library/Bee/artifacts/1900b0aE.dag/UnityEngine.TestRunner.dll (+2 others) [CacheMiss b041674111ca04234ddbc68e403350f300000000000000000000000000000006]
[357/584    2s] Csc Library/Bee/artifacts/1900b0aE.dag/UnityEngine.TestRunner.dll (+2 others)
[           0s] Csc Library/Bee/artifacts/1900b0aE.dag/UnityEngine.TestRunner.dll (+2 others) [CacheWrite b041674111ca04234ddbc68e403350f300000000000000000000000000000006]
[360/584    2s] Csc Library/Bee/artifacts/1900b0aE.dag/UnityEngine.UI.dll (+2 others)
[           0s] Csc Library/Bee/artifacts/1900b0aE.dag/UnityEditor.TestRunner.dll (+2 others) [CacheMiss c30801ed43617f75fdf5a2ad7c77eb4500000000000000000000000000000006]
[           0s] Csc Library/Bee/artifacts/1900b0aE.dag/UnityEngine.UI.dll (+2 others) [CacheWrite fa6c22b749fe048a13513d9dfbe32d0900000000000000000000000000000006]
[362/584    0s] ILPostProcess Library/Bee/artifacts/1900b0aE.dag/post-processed/UnityEngine.TestRunner.dll (+pdb)
Processing assembly Library/Bee/artifacts/1900b0aE.dag/UnityEngine.TestRunner.dll, with 150 defines and 287 references

processors: zzzUnity.Burst.CodeGen.BurstILPostProcessor

1 processor(s) skipped this assembly
[363/584    0s] CopyFiles Library/ScriptAssemblies/UnityEngine.TestRunner.pdb
[364/584    0s] ILPostProcess Library/Bee/artifacts/1900b0aE.dag/post-processed/UnityEngine.UI.dll (+pdb)
Processing assembly Library/Bee/artifacts/1900b0aE.dag/UnityEngine.UI.dll, with 155 defines and 290 references

processors: zzzUnity.Burst.CodeGen.BurstILPostProcessor

1 processor(s) skipped this assembly
[365/584    0s] CopyFiles Library/ScriptAssemblies/UnityEngine.UI.pdb
[366/584    0s] CopyFiles Library/ScriptAssemblies/UnityEngine.TestRunner.dll
[367/584    0s] CopyFiles Library/ScriptAssemblies/UnityEngine.UI.dll
[368/584    4s] Csc Library/Bee/artifacts/1900b0aE.dag/UnityEditor.TestRunner.dll (+2 others)
[           0s] Csc Library/Bee/artifacts/1900b0aE.dag/UnityEditor.TestRunner.dll (+2 others) [CacheWrite c30801ed43617f75fdf5a2ad7c77eb4500000000000000000000000000000006]
[           0s] Csc Library/Bee/artifacts/1900b0aE.dag/UnityEditor.UI.dll (+2 others) [CacheMiss 3682d94bdd9c3e7282661eb913fe2b3a00000000000000000000000000000006]
[371/584    0s] ILPostProcess Library/Bee/artifacts/1900b0aE.dag/post-processed/UnityEditor.TestRunner.dll (+pdb)
Processing assembly Library/Bee/artifacts/1900b0aE.dag/UnityEditor.TestRunner.dll, with 148 defines and 297 references

processors: zzzUnity.Burst.CodeGen.BurstILPostProcessor

1 processor(s) skipped this assembly
[372/584    0s] CopyFiles Library/ScriptAssemblies/UnityEditor.TestRunner.pdb
[373/584    0s] CopyFiles Library/ScriptAssemblies/UnityEditor.TestRunner.dll
[374/584    0s] Csc Library/Bee/artifacts/1900b0aE.dag/UnityEditor.UI.dll (+2 others)
[           0s] Csc Library/Bee/artifacts/1900b0aE.dag/UnityEditor.UI.dll (+2 others) [CacheWrite 3682d94bdd9c3e7282661eb913fe2b3a00000000000000000000000000000006]
[           0s] Csc Library/Bee/artifacts/1900b0aE.dag/Unity.Mathematics.dll (+2 others) [CacheMiss 40f1a5213376a76cbb884c0ebab7dda800000000000000000000000000000006]
[           0s] Csc Library/Bee/artifacts/1900b0aE.dag/UnityEngine.SpatialTracking.dll (+2 others) [CacheMiss 8935256bdd81e46cb84cd6491056336200000000000000000000000000000006]
[           0s] Csc Library/Bee/artifacts/1900b0aE.dag/Unity.EditorCoroutines.Editor.dll (+2 others) [CacheMiss 677def80e8ebf80e6405d60c875ae55b00000000000000000000000000000006]
[           0s] Csc Library/Bee/artifacts/1900b0aE.dag/Unity.InternalAPIEngineBridge.004.dll (+2 others) [CacheMiss 374a7042b47bb6a4e9aad8aec057dc3f00000000000000000000000000000006]
[           0s] Csc Library/Bee/artifacts/1900b0aE.dag/Unity.XR.Management.dll (+2 others) [CacheMiss 475dbd6760ef4727ecddf9a2c04b034500000000000000000000000000000006]
[           0s] Csc Library/Bee/artifacts/1900b0aE.dag/Unity.VisualStudio.Editor.dll (+2 others) [CacheMiss 3fe997e28880c010518486139ce3dc0b00000000000000000000000000000006]
[           0s] Csc Library/Bee/artifacts/1900b0aE.dag/Unity.Rider.Editor.dll (+2 others) [CacheMiss 60d2a9b403cb190521b89144bdb4cab400000000000000000000000000000006]
[           0s] Csc Library/Bee/artifacts/1900b0aE.dag/Unity.InputSystem.dll (+2 others) [CacheMiss d90a03552b232878bdbc8734c7e0a98100000000000000000000000000000006]
[384/584    0s] Csc Library/Bee/artifacts/1900b0aE.dag/Unity.EditorCoroutines.Editor.dll (+2 others)
[385/584    0s] Csc Library/Bee/artifacts/1900b0aE.dag/Unity.Mathematics.dll (+2 others)
[386/584    0s] Csc Library/Bee/artifacts/1900b0aE.dag/Unity.InternalAPIEngineBridge.004.dll (+2 others)
[387/584    0s] Csc Library/Bee/artifacts/1900b0aE.dag/UnityEngine.SpatialTracking.dll (+2 others)
[           0s] Csc Library/Bee/artifacts/1900b0aE.dag/Unity.Mathematics.dll (+2 others) [CacheWrite 40f1a5213376a76cbb884c0ebab7dda800000000000000000000000000000006]
[388/584    0s] Csc Library/Bee/artifacts/1900b0aE.dag/Unity.XR.Management.dll (+2 others)
[           0s] Csc Library/Bee/artifacts/1900b0aE.dag/Unity.InternalAPIEngineBridge.004.dll (+2 others) [CacheWrite 374a7042b47bb6a4e9aad8aec057dc3f00000000000000000000000000000006]
[           0s] Csc Library/Bee/artifacts/1900b0aE.dag/UnityEngine.SpatialTracking.dll (+2 others) [CacheWrite 8935256bdd81e46cb84cd6491056336200000000000000000000000000000006]
[           0s] Csc Library/Bee/artifacts/1900b0aE.dag/Unity.EditorCoroutines.Editor.dll (+2 others) [CacheWrite 677def80e8ebf80e6405d60c875ae55b00000000000000000000000000000006]
[390/584    0s] ILPostProcess Library/Bee/artifacts/1900b0aE.dag/post-processed/UnityEditor.UI.dll (+pdb)
Processing assembly Library/Bee/artifacts/1900b0aE.dag/UnityEditor.UI.dll, with 150 defines and 300 references

processors: zzzUnity.Burst.CodeGen.BurstILPostProcessor

1 processor(s) skipped this assembly
[391/584    0s] CopyFiles Library/ScriptAssemblies/UnityEditor.UI.pdb
[           0s] Csc Library/Bee/artifacts/1900b0aE.dag/Unity.XR.Management.dll (+2 others) [CacheWrite 475dbd6760ef4727ecddf9a2c04b034500000000000000000000000000000006]
[           0s] Csc Library/Bee/artifacts/1900b0aE.dag/UnityEngine.XR.LegacyInputHelpers.dll (+2 others) [CacheMiss 3d21bf1ef96be7e9f9ad6027b12314cf00000000000000000000000000000006]
[           0s] Csc Library/Bee/artifacts/1900b0aE.dag/Unity.TextMeshPro.dll (+2 others) [CacheMiss 1af113ed7170a23098f077f848f0c62000000000000000000000000000000006]
[           0s] Csc Library/Bee/artifacts/1900b0aE.dag/UnityEditor.SpatialTracking.dll (+2 others) [CacheMiss 9587aab16351e713eb9487263a9670a600000000000000000000000000000006]
[399/584    0s] ILPostProcess Library/Bee/artifacts/1900b0aE.dag/post-processed/Unity.Mathematics.dll (+pdb)
Processing assembly Library/Bee/artifacts/1900b0aE.dag/Unity.Mathematics.dll, with 149 defines and 292 references

processors: zzzUnity.Burst.CodeGen.BurstILPostProcessor

1 processor(s) skipped this assembly
[400/584    0s] ILPostProcess Library/Bee/artifacts/1900b0aE.dag/post-processed/Unity.InternalAPIEngineBridge.004.dll (+pdb)
Processing assembly Library/Bee/artifacts/1900b0aE.dag/Unity.InternalAPIEngineBridge.004.dll, with 149 defines and 292 references

processors: zzzUnity.Burst.CodeGen.BurstILPostProcessor

1 processor(s) skipped this assembly
[401/584    1s] Csc Library/Bee/artifacts/1900b0aE.dag/Unity.Rider.Editor.dll (+2 others)
[402/584    0s] ILPostProcess Library/Bee/artifacts/1900b0aE.dag/post-processed/UnityEngine.SpatialTracking.dll (+pdb)
Processing assembly Library/Bee/artifacts/1900b0aE.dag/UnityEngine.SpatialTracking.dll, with 149 defines and 292 references

processors: zzzUnity.Burst.CodeGen.BurstILPostProcessor

1 processor(s) skipped this assembly
[403/584    0s] ILPostProcess Library/Bee/artifacts/1900b0aE.dag/post-processed/Unity.EditorCoroutines.Editor.dll (+pdb)
Processing assembly Library/Bee/artifacts/1900b0aE.dag/Unity.EditorCoroutines.Editor.dll, with 147 defines and 301 references

processors: zzzUnity.Burst.CodeGen.BurstILPostProcessor

1 processor(s) skipped this assembly
[404/584    0s] CopyFiles Library/ScriptAssemblies/Unity.Mathematics.dll
[405/584    0s] CopyFiles Library/ScriptAssemblies/Unity.Mathematics.pdb
[406/584    0s] CopyFiles Library/ScriptAssemblies/UnityEngine.SpatialTracking.dll
[407/584    0s] CopyFiles Library/ScriptAssemblies/UnityEngine.SpatialTracking.pdb
[408/584    0s] CopyFiles Library/ScriptAssemblies/Unity.InternalAPIEngineBridge.004.dll
[409/584    0s] CopyFiles Library/ScriptAssemblies/Unity.InternalAPIEngineBridge.004.pdb
[410/584    0s] CopyFiles Library/ScriptAssemblies/Unity.EditorCoroutines.Editor.pdb
[411/584    0s] CopyFiles Library/ScriptAssemblies/Unity.EditorCoroutines.Editor.dll
[412/584    0s] ILPostProcess Library/Bee/artifacts/1900b0aE.dag/post-processed/Unity.XR.Management.dll (+pdb)
Processing assembly Library/Bee/artifacts/1900b0aE.dag/Unity.XR.Management.dll, with 150 defines and 292 references

processors: zzzUnity.Burst.CodeGen.BurstILPostProcessor

1 processor(s) skipped this assembly
[           0s] Csc Library/Bee/artifacts/1900b0aE.dag/Unity.Rider.Editor.dll (+2 others) [CacheWrite 60d2a9b403cb190521b89144bdb4cab400000000000000000000000000000006]
[413/584    0s] CopyFiles Library/ScriptAssemblies/Unity.Rider.Editor.pdb
[414/584    0s] CopyFiles Library/ScriptAssemblies/Unity.XR.Management.dll
[415/584    0s] CopyFiles Library/ScriptAssemblies/Unity.XR.Management.pdb
[417/584    1s] Csc Library/Bee/artifacts/1900b0aE.dag/Unity.VisualStudio.Editor.dll (+2 others)
[418/584    0s] CopyFiles Library/ScriptAssemblies/UnityEditor.UI.dll
[419/584    0s] Csc Library/Bee/artifacts/1900b0aE.dag/UnityEditor.SpatialTracking.dll (+2 others)
[           0s] Csc Library/Bee/artifacts/1900b0aE.dag/Unity.VisualStudio.Editor.dll (+2 others) [CacheWrite 3fe997e28880c010518486139ce3dc0b00000000000000000000000000000006]
[420/584    0s] CopyFiles Library/ScriptAssemblies/Unity.VisualStudio.Editor.pdb
[           0s] Csc Library/Bee/artifacts/1900b0aE.dag/UnityEditor.SpatialTracking.dll (+2 others) [CacheWrite 9587aab16351e713eb9487263a9670a600000000000000000000000000000006]
[422/584    0s] Csc Library/Bee/artifacts/1900b0aE.dag/UnityEngine.XR.LegacyInputHelpers.dll (+2 others)
[424/584    0s] CopyFiles Library/ScriptAssemblies/Unity.VisualStudio.Editor.dll
[           0s] Csc Library/Bee/artifacts/1900b0aE.dag/UnityEngine.XR.LegacyInputHelpers.dll (+2 others) [CacheWrite 3d21bf1ef96be7e9f9ad6027b12314cf00000000000000000000000000000006]
[425/584    0s] CopyFiles Library/ScriptAssemblies/Unity.Rider.Editor.dll
[427/584    0s] ILPostProcess Library/Bee/artifacts/1900b0aE.dag/post-processed/UnityEditor.SpatialTracking.dll (+pdb)
Processing assembly Library/Bee/artifacts/1900b0aE.dag/UnityEditor.SpatialTracking.dll, with 148 defines and 302 references

processors: zzzUnity.Burst.CodeGen.BurstILPostProcessor

1 processor(s) skipped this assembly
[428/584    0s] CopyFiles Library/ScriptAssemblies/UnityEditor.SpatialTracking.pdb
[429/584    0s] CopyFiles Library/ScriptAssemblies/UnityEditor.SpatialTracking.dll
[430/584    0s] ILPostProcess Library/Bee/artifacts/1900b0aE.dag/post-processed/UnityEngine.XR.LegacyInputHelpers.dll (+pdb)
Processing assembly Library/Bee/artifacts/1900b0aE.dag/UnityEngine.XR.LegacyInputHelpers.dll, with 149 defines and 293 references

processors: zzzUnity.Burst.CodeGen.BurstILPostProcessor

1 processor(s) skipped this assembly
[431/584    0s] CopyFiles Library/ScriptAssemblies/UnityEngine.XR.LegacyInputHelpers.pdb
[432/584    0s] CopyFiles Library/ScriptAssemblies/UnityEngine.XR.LegacyInputHelpers.dll
[433/584    2s] Csc Library/Bee/artifacts/1900b0aE.dag/Unity.TextMeshPro.dll (+2 others)
[           0s] Csc Library/Bee/artifacts/1900b0aE.dag/Unity.TextMeshPro.dll (+2 others) [CacheWrite 1af113ed7170a23098f077f848f0c62000000000000000000000000000000006]
[           0s] Csc Library/Bee/artifacts/1900b0aE.dag/Unity.TextMeshPro.Editor.dll (+2 others) [CacheMiss d2d352a42771045e71fc2c1b415efba400000000000000000000000000000006]
[           0s] Csc Library/Bee/artifacts/1900b0aE.dag/UnityEditor.UI.Analytics.dll (+2 others) [CacheMiss 0e13bb0b4f91dba96326dddb5149ceb700000000000000000000000000000006]
[437/584    0s] ILPostProcess Library/Bee/artifacts/1900b0aE.dag/post-processed/Unity.TextMeshPro.dll (+pdb)
Processing assembly Library/Bee/artifacts/1900b0aE.dag/Unity.TextMeshPro.dll, with 150 defines and 293 references

processors: zzzUnity.Burst.CodeGen.BurstILPostProcessor

1 processor(s) skipped this assembly
[438/584    0s] CopyFiles Library/ScriptAssemblies/Unity.TextMeshPro.pdb
[439/584    0s] CopyFiles Library/ScriptAssemblies/Unity.TextMeshPro.dll
[440/584    0s] Csc Library/Bee/artifacts/1900b0aE.dag/UnityEditor.UI.Analytics.dll (+2 others)
[           0s] Csc Library/Bee/artifacts/1900b0aE.dag/UnityEditor.UI.Analytics.dll (+2 others) [CacheWrite 0e13bb0b4f91dba96326dddb5149ceb700000000000000000000000000000006]
[442/584    0s] ILPostProcess Library/Bee/artifacts/1900b0aE.dag/post-processed/UnityEditor.UI.Analytics.dll (+pdb)
Processing assembly Library/Bee/artifacts/1900b0aE.dag/UnityEditor.UI.Analytics.dll, with 147 defines and 302 references

processors: zzzUnity.Burst.CodeGen.BurstILPostProcessor

1 processor(s) skipped this assembly
[443/584    0s] CopyFiles Library/ScriptAssemblies/UnityEditor.UI.Analytics.dll
[444/584    0s] CopyFiles Library/ScriptAssemblies/UnityEditor.UI.Analytics.pdb
[445/584    1s] Csc Library/Bee/artifacts/1900b0aE.dag/Unity.TextMeshPro.Editor.dll (+2 others)
[           0s] Csc Library/Bee/artifacts/1900b0aE.dag/Unity.TextMeshPro.Editor.dll (+2 others) [CacheWrite d2d352a42771045e71fc2c1b415efba400000000000000000000000000000006]
[447/584    0s] ILPostProcess Library/Bee/artifacts/1900b0aE.dag/post-processed/Unity.TextMeshPro.Editor.dll (+pdb)
Processing assembly Library/Bee/artifacts/1900b0aE.dag/Unity.TextMeshPro.Editor.dll, with 147 defines and 302 references

processors: zzzUnity.Burst.CodeGen.BurstILPostProcessor

1 processor(s) skipped this assembly
[448/584    0s] CopyFiles Library/ScriptAssemblies/Unity.TextMeshPro.Editor.pdb
[449/584    0s] CopyFiles Library/ScriptAssemblies/Unity.TextMeshPro.Editor.dll
[450/584    6s] Csc Library/Bee/artifacts/1900b0aE.dag/Unity.InputSystem.dll (+2 others)
[           0s] Csc Library/Bee/artifacts/1900b0aE.dag/Unity.InputSystem.dll (+2 others) [CacheWrite d90a03552b232878bdbc8734c7e0a98100000000000000000000000000000006]
[451/584    0s] ILPostProcess Library/Bee/artifacts/1900b0aE.dag/post-processed/Unity.InputSystem.dll (+pdb)
Processing assembly Library/Bee/artifacts/1900b0aE.dag/Unity.InputSystem.dll, with 162 defines and 292 references

processors: zzzUnity.Burst.CodeGen.BurstILPostProcessor

1 processor(s) skipped this assembly
[452/584    0s] CopyFiles Library/ScriptAssemblies/Unity.InputSystem.pdb
[453/584    0s] CopyFiles Library/ScriptAssemblies/Unity.InputSystem.dll
[454/584    0s] MovedFromExtractor Library/Bee/artifacts/mvdfrm/Unity.InputSystem.ref.dll_FD2EC87C14EBE081.mvfrm
[455/584    0s] MovedFromExtractor-Combine Library/Bee/artifacts/1900b0aE.dag/Unity.InputSystem.TestFramework.dll.mvfrm
[456/584    0s] MovedFromExtractor-Combine Library/Bee/artifacts/1900b0aE.dag/Unity.InputSystem.DocCodeSamples.dll.mvfrm
[457/584    0s] MovedFromExtractor-Combine Library/Bee/artifacts/1900b0aE.dag/Unity.InputSystem.ForUI.dll.mvfrm
[458/584    0s] MovedFromExtractor-Combine Library/Bee/artifacts/1900b0aE.dag/Unity.XR.CoreUtils.dll.mvfrm
[459/584    0s] MovedFromExtractor-Combine Library/Bee/artifacts/1900b0aE.dag/UnityEditor.XR.LegacyInputHelpers.dll.mvfrm
[           0s] Csc Library/Bee/artifacts/1900b0aE.dag/Unity.InputSystem.ForUI.dll (+2 others) [CacheMiss c7e3066b4e24a9abccc0b857f975c41600000000000000000000000000000006]
[           0s] Csc Library/Bee/artifacts/1900b0aE.dag/Unity.InputSystem.TestFramework.dll (+2 others) [CacheMiss 53af3cf8264c9322dd4d9bddb7bcc2a300000000000000000000000000000006]
[           0s] Csc Library/Bee/artifacts/1900b0aE.dag/UnityEditor.XR.LegacyInputHelpers.dll (+2 others) [CacheMiss 43b19656f23e069b29a92f3d66302d5500000000000000000000000000000006]
[           0s] Csc Library/Bee/artifacts/1900b0aE.dag/Unity.InputSystem.DocCodeSamples.dll (+2 others) [CacheMiss 95d58a66d86a159f804958ee4d50d1eb00000000000000000000000000000006]
[           0s] Csc Library/Bee/artifacts/1900b0aE.dag/Unity.XR.CoreUtils.dll (+2 others) [CacheMiss 95354d2b36e040d35798533a8255aa7600000000000000000000000000000006]
[460/584    0s] Csc Library/Bee/artifacts/1900b0aE.dag/Unity.InputSystem.DocCodeSamples.dll (+2 others)
[461/584    0s] Csc Library/Bee/artifacts/1900b0aE.dag/UnityEditor.XR.LegacyInputHelpers.dll (+2 others)
[462/584    0s] Csc Library/Bee/artifacts/1900b0aE.dag/Unity.InputSystem.ForUI.dll (+2 others)
[           0s] Csc Library/Bee/artifacts/1900b0aE.dag/UnityEditor.XR.LegacyInputHelpers.dll (+2 others) [CacheWrite 43b19656f23e069b29a92f3d66302d5500000000000000000000000000000006]
[           0s] Csc Library/Bee/artifacts/1900b0aE.dag/Unity.InputSystem.ForUI.dll (+2 others) [CacheWrite c7e3066b4e24a9abccc0b857f975c41600000000000000000000000000000006]
[           0s] Csc Library/Bee/artifacts/1900b0aE.dag/Unity.InputSystem.DocCodeSamples.dll (+2 others) [CacheWrite 95d58a66d86a159f804958ee4d50d1eb00000000000000000000000000000006]
[465/584    0s] Csc Library/Bee/artifacts/1900b0aE.dag/Unity.InputSystem.TestFramework.dll (+2 others)
[           0s] Csc Library/Bee/artifacts/1900b0aE.dag/Unity.InputSystem.TestFramework.dll (+2 others) [CacheWrite 53af3cf8264c9322dd4d9bddb7bcc2a300000000000000000000000000000006]
[466/584    0s] Csc Library/Bee/artifacts/1900b0aE.dag/Unity.XR.CoreUtils.dll (+2 others)
[467/584    0s] ILPostProcess Library/Bee/artifacts/1900b0aE.dag/post-processed/Unity.InputSystem.DocCodeSamples.dll (+pdb)
Processing assembly Library/Bee/artifacts/1900b0aE.dag/Unity.InputSystem.DocCodeSamples.dll, with 147 defines and 301 references

processors: zzzUnity.Burst.CodeGen.BurstILPostProcessor

1 processor(s) skipped this assembly
[468/584    0s] ILPostProcess Library/Bee/artifacts/1900b0aE.dag/post-processed/Unity.InputSystem.ForUI.dll (+pdb)
Processing assembly Library/Bee/artifacts/1900b0aE.dag/Unity.InputSystem.ForUI.dll, with 149 defines and 293 references

processors: zzzUnity.Burst.CodeGen.BurstILPostProcessor

1 processor(s) skipped this assembly
[           0s] Csc Library/Bee/artifacts/1900b0aE.dag/Unity.XR.CoreUtils.dll (+2 others) [CacheWrite 95354d2b36e040d35798533a8255aa7600000000000000000000000000000006]
[469/584    0s] CopyFiles Library/ScriptAssemblies/Unity.InputSystem.DocCodeSamples.pdb
[470/584    0s] CopyFiles Library/ScriptAssemblies/Unity.InputSystem.DocCodeSamples.dll
[471/584    0s] CopyFiles Library/ScriptAssemblies/Unity.InputSystem.ForUI.dll
[472/584    0s] CopyFiles Library/ScriptAssemblies/Unity.InputSystem.ForUI.pdb
[473/584    0s] ILPostProcess Library/Bee/artifacts/1900b0aE.dag/post-processed/UnityEditor.XR.LegacyInputHelpers.dll (+pdb)
Processing assembly Library/Bee/artifacts/1900b0aE.dag/UnityEditor.XR.LegacyInputHelpers.dll, with 148 defines and 304 references

processors: zzzUnity.Burst.CodeGen.BurstILPostProcessor

1 processor(s) skipped this assembly
[474/584    0s] MovedFromExtractor-Combine Library/Bee/artifacts/1900b0aE.dag/Unity.InputSystem.ForUI.Editor.dll.mvfrm
[476/584    0s] CopyFiles Library/ScriptAssemblies/UnityEditor.XR.LegacyInputHelpers.pdb
[           0s] Csc Library/Bee/artifacts/1900b0aE.dag/Unity.InputSystem.ForUI.Editor.dll (+2 others) [CacheMiss b0503695e4f9899e0ad09e309f8be29000000000000000000000000000000006]
[477/584    0s] CopyFiles Library/ScriptAssemblies/UnityEditor.XR.LegacyInputHelpers.dll
[478/584    0s] ILPostProcess Library/Bee/artifacts/1900b0aE.dag/post-processed/Unity.InputSystem.TestFramework.dll (+pdb)
Processing assembly Library/Bee/artifacts/1900b0aE.dag/Unity.InputSystem.TestFramework.dll, with 151 defines and 292 references

processors: zzzUnity.Burst.CodeGen.BurstILPostProcessor

1 processor(s) skipped this assembly
[479/584    0s] MovedFromExtractor-Combine Library/Bee/artifacts/1900b0aE.dag/Unity.XR.ARSubsystems.dll.mvfrm
[480/584    0s] MovedFromExtractor-Combine Library/Bee/artifacts/1900b0aE.dag/Unity.XR.CoreUtils.Editor.dll.mvfrm
[481/584    0s] CopyFiles Library/ScriptAssemblies/Unity.InputSystem.TestFramework.pdb
[482/584    0s] ILPostProcess Library/Bee/artifacts/1900b0aE.dag/post-processed/Unity.XR.CoreUtils.dll (+pdb)
Processing assembly Library/Bee/artifacts/1900b0aE.dag/Unity.XR.CoreUtils.dll, with 155 defines and 294 references

processors: zzzUnity.Burst.CodeGen.BurstILPostProcessor

1 processor(s) skipped this assembly
[           0s] Csc Library/Bee/artifacts/1900b0aE.dag/Unity.XR.CoreUtils.Editor.dll (+2 others) [CacheMiss c48a5b58f45fad92b2dff8713868c4ec00000000000000000000000000000006]
[           0s] Csc Library/Bee/artifacts/1900b0aE.dag/Unity.XR.ARSubsystems.dll (+2 others) [CacheMiss ba8d1f42d3a0da8014b9f906ebf7255b00000000000000000000000000000006]
[483/584    0s] CopyFiles Library/ScriptAssemblies/Unity.XR.CoreUtils.pdb
[484/584    0s] CopyFiles Library/ScriptAssemblies/Unity.InputSystem.TestFramework.dll
[485/584    0s] Csc Library/Bee/artifacts/1900b0aE.dag/Unity.InputSystem.ForUI.Editor.dll (+2 others)
[486/584    0s] CopyFiles Library/ScriptAssemblies/Unity.XR.CoreUtils.dll
[           0s] Csc Library/Bee/artifacts/1900b0aE.dag/Unity.InputSystem.ForUI.Editor.dll (+2 others) [CacheWrite b0503695e4f9899e0ad09e309f8be29000000000000000000000000000000006]
[487/584    0s] ILPostProcess Library/Bee/artifacts/1900b0aE.dag/post-processed/Unity.InputSystem.ForUI.Editor.dll (+pdb)
Processing assembly Library/Bee/artifacts/1900b0aE.dag/Unity.InputSystem.ForUI.Editor.dll, with 147 defines and 303 references

processors: zzzUnity.Burst.CodeGen.BurstILPostProcessor

1 processor(s) skipped this assembly
[488/584    0s] CopyFiles Library/ScriptAssemblies/Unity.InputSystem.ForUI.Editor.pdb
[489/584    0s] CopyFiles Library/ScriptAssemblies/Unity.InputSystem.ForUI.Editor.dll
[490/584    0s] MovedFromExtractor Library/Bee/artifacts/mvdfrm/Unity.InputSystem.ForUI.Editor.ref.dll_40FECCA5C63FF041.mvfrm
[491/584    0s] Csc Library/Bee/artifacts/1900b0aE.dag/Unity.XR.CoreUtils.Editor.dll (+2 others)
[           0s] Csc Library/Bee/artifacts/1900b0aE.dag/Unity.XR.CoreUtils.Editor.dll (+2 others) [CacheWrite c48a5b58f45fad92b2dff8713868c4ec00000000000000000000000000000006]
[           0s] Csc Library/Bee/artifacts/1900b0aE.dag/Unity.XR.ARAnalytics.Editor.dll (+2 others) [CacheMiss d83e6476a9e522bbb040537b2fa548eb00000000000000000000000000000006]
[494/584    0s] MovedFromExtractor-Combine Library/Bee/artifacts/1900b0aE.dag/Unity.XR.Management.Editor.dll.mvfrm
[           0s] Csc Library/Bee/artifacts/1900b0aE.dag/Unity.XR.Management.Editor.dll (+2 others) [CacheMiss 423f19433454fba08f6c219aef11c6cf00000000000000000000000000000006]
[495/584    0s] Csc Library/Bee/artifacts/1900b0aE.dag/Unity.XR.ARSubsystems.dll (+2 others)
[496/584    0s] ILPostProcess Library/Bee/artifacts/1900b0aE.dag/post-processed/Unity.XR.CoreUtils.Editor.dll (+pdb)
Processing assembly Library/Bee/artifacts/1900b0aE.dag/Unity.XR.CoreUtils.Editor.dll, with 149 defines and 303 references

processors: zzzUnity.Burst.CodeGen.BurstILPostProcessor

1 processor(s) skipped this assembly
[           0s] Csc Library/Bee/artifacts/1900b0aE.dag/Unity.XR.ARSubsystems.dll (+2 others) [CacheWrite ba8d1f42d3a0da8014b9f906ebf7255b00000000000000000000000000000006]
[497/584    0s] CopyFiles Library/ScriptAssemblies/Unity.XR.CoreUtils.Editor.pdb
[498/584    0s] Csc Library/Bee/artifacts/1900b0aE.dag/Unity.XR.ARAnalytics.Editor.dll (+2 others)
[           0s] Csc Library/Bee/artifacts/1900b0aE.dag/Unity.XR.ARAnalytics.Editor.dll (+2 others) [CacheWrite d83e6476a9e522bbb040537b2fa548eb00000000000000000000000000000006]
[           0s] Csc Library/Bee/artifacts/1900b0aE.dag/Unity.XR.ARFoundation.InternalUtils.dll (+2 others) [CacheMiss 98ab2cf489059d7b123332dcaba28f4600000000000000000000000000000006]
[501/584    0s] CopyFiles Library/ScriptAssemblies/Unity.XR.CoreUtils.Editor.dll
[503/584    0s] MovedFromExtractor-Combine Library/Bee/artifacts/1900b0aE.dag/Unity.XR.ARCore.dll.mvfrm
[504/584    0s] ILPostProcess Library/Bee/artifacts/1900b0aE.dag/post-processed/Unity.XR.ARSubsystems.dll (+pdb)
Processing assembly Library/Bee/artifacts/1900b0aE.dag/Unity.XR.ARSubsystems.dll, with 150 defines and 294 references

processors: zzzUnity.Burst.CodeGen.BurstILPostProcessor

1 processor(s) skipped this assembly
[505/584    0s] ILPostProcess Library/Bee/artifacts/1900b0aE.dag/post-processed/Unity.XR.ARAnalytics.Editor.dll (+pdb)
Processing assembly Library/Bee/artifacts/1900b0aE.dag/Unity.XR.ARAnalytics.Editor.dll, with 147 defines and 302 references

processors: zzzUnity.Burst.CodeGen.BurstILPostProcessor

1 processor(s) skipped this assembly
[506/584    0s] CopyFiles Library/ScriptAssemblies/Unity.XR.ARSubsystems.pdb
[507/584    0s] CopyFiles Library/ScriptAssemblies/Unity.XR.ARAnalytics.Editor.dll
[508/584    0s] CopyFiles Library/ScriptAssemblies/Unity.XR.ARAnalytics.Editor.pdb
[           0s] Csc Library/Bee/artifacts/1900b0aE.dag/Unity.XR.ARCore.dll (+2 others) [CacheMiss 58ad170a9b5eb94cc20681b966d8ef5200000000000000000000000000000006]
[509/584    0s] CopyFiles Library/ScriptAssemblies/Unity.XR.ARSubsystems.dll
[510/584    0s] Csc Library/Bee/artifacts/1900b0aE.dag/Unity.XR.ARFoundation.InternalUtils.dll (+2 others)
[           0s] Csc Library/Bee/artifacts/1900b0aE.dag/Unity.XR.ARFoundation.InternalUtils.dll (+2 others) [CacheWrite 98ab2cf489059d7b123332dcaba28f4600000000000000000000000000000006]
[514/584    0s] Csc Library/Bee/artifacts/1900b0aE.dag/Unity.XR.Management.Editor.dll (+2 others)
[           0s] Csc Library/Bee/artifacts/1900b0aE.dag/Unity.XR.ARFoundation.dll (+2 others) [CacheMiss 506b4369d96bcb500a2b493e67ddaa8a00000000000000000000000000000006]
[           0s] Csc Library/Bee/artifacts/1900b0aE.dag/Unity.XR.ARFoundation.InternalUtils.Editor.dll (+2 others) [CacheMiss a23f180f27b36188b01333c711a7b04500000000000000000000000000000006]
[           0s] Csc Library/Bee/artifacts/1900b0aE.dag/Unity.XR.Management.Editor.dll (+2 others) [CacheWrite 423f19433454fba08f6c219aef11c6cf00000000000000000000000000000006]
[517/584    0s] ILPostProcess Library/Bee/artifacts/1900b0aE.dag/post-processed/Unity.XR.ARFoundation.InternalUtils.dll (+pdb)
Processing assembly Library/Bee/artifacts/1900b0aE.dag/Unity.XR.ARFoundation.InternalUtils.dll, with 149 defines and 295 references

processors: zzzUnity.Burst.CodeGen.BurstILPostProcessor

1 processor(s) skipped this assembly
[518/584    0s] CopyFiles Library/ScriptAssemblies/Unity.XR.ARFoundation.InternalUtils.pdb
[519/584    0s] CopyFiles Library/ScriptAssemblies/Unity.XR.ARFoundation.InternalUtils.dll
[           0s] Csc Library/Bee/artifacts/1900b0aE.dag/Unity.XR.ARSubsystems.Editor.dll (+2 others) [CacheMiss 64ff327230d9e341f6563327a474a8e500000000000000000000000000000006]
[520/584    0s] MovedFromExtractor-Combine Library/Bee/artifacts/1900b0aE.dag/Unity.XR.Simulation.dll.mvfrm
[           0s] Csc Library/Bee/artifacts/1900b0aE.dag/Unity.XR.Simulation.dll (+2 others) [CacheMiss e129cc6600d7d30fc2cd77a1e16d001900000000000000000000000000000006]
[521/584    0s] Csc Library/Bee/artifacts/1900b0aE.dag/Unity.XR.ARFoundation.InternalUtils.Editor.dll (+2 others)
[522/584    0s] ILPostProcess Library/Bee/artifacts/1900b0aE.dag/post-processed/Unity.XR.Management.Editor.dll (+pdb)
Processing assembly Library/Bee/artifacts/1900b0aE.dag/Unity.XR.Management.Editor.dll, with 149 defines and 304 references

processors: zzzUnity.Burst.CodeGen.BurstILPostProcessor

1 processor(s) skipped this assembly
[523/584    0s] Csc Library/Bee/artifacts/1900b0aE.dag/Unity.XR.ARCore.dll (+2 others)
[           0s] Csc Library/Bee/artifacts/1900b0aE.dag/Unity.XR.ARFoundation.InternalUtils.Editor.dll (+2 others) [CacheWrite a23f180f27b36188b01333c711a7b04500000000000000000000000000000006]
[524/584    0s] CopyFiles Library/ScriptAssemblies/Unity.XR.Management.Editor.pdb
[           0s] Csc Library/Bee/artifacts/1900b0aE.dag/Unity.XR.ARCore.dll (+2 others) [CacheWrite 58ad170a9b5eb94cc20681b966d8ef5200000000000000000000000000000006]
[527/584    0s] ILPostProcess Library/Bee/artifacts/1900b0aE.dag/post-processed/Unity.XR.ARFoundation.InternalUtils.Editor.dll (+pdb)
Processing assembly Library/Bee/artifacts/1900b0aE.dag/Unity.XR.ARFoundation.InternalUtils.Editor.dll, with 147 defines and 302 references

processors: zzzUnity.Burst.CodeGen.BurstILPostProcessor

1 processor(s) skipped this assembly
[528/584    0s] Csc Library/Bee/artifacts/1900b0aE.dag/Unity.XR.ARSubsystems.Editor.dll (+2 others)
[529/584    0s] CopyFiles Library/ScriptAssemblies/Unity.XR.ARFoundation.InternalUtils.Editor.pdb
[530/584    0s] CopyFiles Library/ScriptAssemblies/Unity.XR.ARFoundation.InternalUtils.Editor.dll
[531/584    0s] CopyFiles Library/ScriptAssemblies/Unity.XR.Management.Editor.dll
[           0s] Csc Library/Bee/artifacts/1900b0aE.dag/Unity.XR.ARSubsystems.Editor.dll (+2 others) [CacheWrite 64ff327230d9e341f6563327a474a8e500000000000000000000000000000006]
[533/584    0s] ILPostProcess Library/Bee/artifacts/1900b0aE.dag/post-processed/Unity.XR.ARCore.dll (+pdb)
Processing assembly Library/Bee/artifacts/1900b0aE.dag/Unity.XR.ARCore.dll, with 150 defines and 296 references

processors: zzzUnity.Burst.CodeGen.BurstILPostProcessor

1 processor(s) skipped this assembly
[534/584    0s] CopyFiles Library/ScriptAssemblies/Unity.XR.ARCore.pdb
[535/584    0s] CopyFiles Library/ScriptAssemblies/Unity.XR.ARCore.dll
[536/584    0s] ILPostProcess Library/Bee/artifacts/1900b0aE.dag/post-processed/Unity.XR.ARSubsystems.Editor.dll (+pdb)
Processing assembly Library/Bee/artifacts/1900b0aE.dag/Unity.XR.ARSubsystems.Editor.dll, with 147 defines and 304 references

processors: zzzUnity.Burst.CodeGen.BurstILPostProcessor

1 processor(s) skipped this assembly
[537/584    1s] Csc Library/Bee/artifacts/1900b0aE.dag/Unity.XR.ARFoundation.dll (+2 others)
[538/584    0s] CopyFiles Library/ScriptAssemblies/Unity.XR.ARSubsystems.Editor.pdb
[539/584    0s] CopyFiles Library/ScriptAssemblies/Unity.XR.ARSubsystems.Editor.dll
[           0s] Csc Library/Bee/artifacts/1900b0aE.dag/Unity.XR.ARFoundation.dll (+2 others) [CacheWrite 506b4369d96bcb500a2b493e67ddaa8a00000000000000000000000000000006]
[543/584    0s] Csc Library/Bee/artifacts/1900b0aE.dag/Unity.XR.Simulation.dll (+2 others)
[           0s] Csc Library/Bee/artifacts/1900b0aE.dag/Unity.XR.ARFoundation.VisualScripting.dll (+2 others) [CacheMiss 1989a77738e473809ad6049d9676a7a900000000000000000000000000000006]
[           0s] Csc Library/Bee/artifacts/1900b0aE.dag/Unity.XR.ARCore.Editor.dll (+2 others) [CacheMiss e4182ee20b33794d5e07b8e54140fa6700000000000000000000000000000006]
[           0s] Csc Library/Bee/artifacts/1900b0aE.dag/Unity.XR.Simulation.dll (+2 others) [CacheWrite e129cc6600d7d30fc2cd77a1e16d001900000000000000000000000000000006]
[           0s] Csc Library/Bee/artifacts/1900b0aE.dag/Unity.XR.Simulation.Editor.dll (+2 others) [CacheMiss 2db1704b0c737a37ee5de49f64bddd2500000000000000000000000000000006]
[546/584    0s] MovedFromExtractor-Combine Library/Bee/artifacts/1900b0aE.dag/Unity.XR.ARFoundation.Editor.dll.mvfrm
[547/584    0s] ILPostProcess Library/Bee/artifacts/1900b0aE.dag/post-processed/Unity.XR.ARFoundation.dll (+pdb)
Processing assembly Library/Bee/artifacts/1900b0aE.dag/Unity.XR.ARFoundation.dll, with 150 defines and 297 references

processors: zzzUnity.Burst.CodeGen.BurstILPostProcessor

1 processor(s) skipped this assembly
[           0s] Csc Library/Bee/artifacts/1900b0aE.dag/Unity.XR.ARFoundation.Editor.dll (+2 others) [CacheMiss 58f5f2e3a7596826f8bb40b12612fd7200000000000000000000000000000006]
[548/584    0s] CopyFiles Library/ScriptAssemblies/Unity.XR.ARFoundation.pdb
[549/584    0s] Csc Library/Bee/artifacts/1900b0aE.dag/Unity.XR.ARFoundation.VisualScripting.dll (+2 others)
[550/584    0s] ILPostProcess Library/Bee/artifacts/1900b0aE.dag/post-processed/Unity.XR.Simulation.dll (+pdb)
Processing assembly Library/Bee/artifacts/1900b0aE.dag/Unity.XR.Simulation.dll, with 149 defines and 298 references

processors: zzzUnity.Burst.CodeGen.BurstILPostProcessor

1 processor(s) skipped this assembly
[551/584    0s] CopyFiles Library/ScriptAssemblies/Unity.XR.ARFoundation.dll
[552/584    0s] Csc Library/Bee/artifacts/1900b0aE.dag/Unity.XR.ARCore.Editor.dll (+2 others)
[553/584    0s] CopyFiles Library/ScriptAssemblies/Unity.XR.Simulation.pdb
[           0s] Csc Library/Bee/artifacts/1900b0aE.dag/Unity.XR.ARFoundation.VisualScripting.dll (+2 others) [CacheWrite 1989a77738e473809ad6049d9676a7a900000000000000000000000000000006]
[           0s] Csc Library/Bee/artifacts/1900b0aE.dag/Unity.XR.ARCore.Editor.dll (+2 others) [CacheWrite e4182ee20b33794d5e07b8e54140fa6700000000000000000000000000000006]
[556/584    0s] CopyFiles Library/ScriptAssemblies/Unity.XR.Simulation.dll
[           0s] Csc Library/Bee/artifacts/1900b0aE.dag/Unity.XR.ARFoundation.VisualScripting.Editor.dll (+2 others) [CacheMiss 2ffdf4c48431a724c303417c07a0ceb600000000000000000000000000000006]
[558/584    0s] ILPostProcess Library/Bee/artifacts/1900b0aE.dag/post-processed/Unity.XR.ARFoundation.VisualScripting.dll (+pdb)
Processing assembly Library/Bee/artifacts/1900b0aE.dag/Unity.XR.ARFoundation.VisualScripting.dll, with 149 defines and 295 references

processors: zzzUnity.Burst.CodeGen.BurstILPostProcessor

1 processor(s) skipped this assembly
[559/584    0s] Csc Library/Bee/artifacts/1900b0aE.dag/Unity.XR.ARFoundation.Editor.dll (+2 others)
[560/584    0s] CopyFiles Library/ScriptAssemblies/Unity.XR.ARFoundation.VisualScripting.dll
[561/584    0s] CopyFiles Library/ScriptAssemblies/Unity.XR.ARFoundation.VisualScripting.pdb
[           0s] Csc Library/Bee/artifacts/1900b0aE.dag/Unity.XR.ARFoundation.Editor.dll (+2 others) [CacheWrite 58f5f2e3a7596826f8bb40b12612fd7200000000000000000000000000000006]
[563/584    0s] ILPostProcess Library/Bee/artifacts/1900b0aE.dag/post-processed/Unity.XR.ARCore.Editor.dll (+pdb)
Processing assembly Library/Bee/artifacts/1900b0aE.dag/Unity.XR.ARCore.Editor.dll, with 147 defines and 309 references

processors: zzzUnity.Burst.CodeGen.BurstILPostProcessor

1 processor(s) skipped this assembly
[564/584    0s] Csc Library/Bee/artifacts/1900b0aE.dag/Unity.XR.Simulation.Editor.dll (+2 others)
[565/584    0s] Csc Library/Bee/artifacts/1900b0aE.dag/Unity.XR.ARFoundation.VisualScripting.Editor.dll (+2 others)
[566/584    0s] CopyFiles Library/ScriptAssemblies/Unity.XR.ARCore.Editor.pdb
[           0s] Csc Library/Bee/artifacts/1900b0aE.dag/Unity.XR.ARFoundation.VisualScripting.Editor.dll (+2 others) [CacheWrite 2ffdf4c48431a724c303417c07a0ceb600000000000000000000000000000006]
[           0s] Csc Library/Bee/artifacts/1900b0aE.dag/Unity.XR.Simulation.Editor.dll (+2 others) [CacheWrite 2db1704b0c737a37ee5de49f64bddd2500000000000000000000000000000006]
[569/584    0s] ILPostProcess Library/Bee/artifacts/1900b0aE.dag/post-processed/Unity.XR.ARFoundation.Editor.dll (+pdb)
Processing assembly Library/Bee/artifacts/1900b0aE.dag/Unity.XR.ARFoundation.Editor.dll, with 147 defines and 311 references

processors: zzzUnity.Burst.CodeGen.BurstILPostProcessor

1 processor(s) skipped this assembly
[570/584    0s] CopyFiles Library/ScriptAssemblies/Unity.XR.ARCore.Editor.dll
[571/584    0s] CopyFiles Library/ScriptAssemblies/Unity.XR.ARFoundation.Editor.pdb
[572/584    0s] CopyFiles Library/ScriptAssemblies/Unity.XR.ARFoundation.Editor.dll
[573/584    0s] ILPostProcess Library/Bee/artifacts/1900b0aE.dag/post-processed/Unity.XR.ARFoundation.VisualScripting.Editor.dll (+pdb)
Processing assembly Library/Bee/artifacts/1900b0aE.dag/Unity.XR.ARFoundation.VisualScripting.Editor.dll, with 147 defines and 304 references

processors: zzzUnity.Burst.CodeGen.BurstILPostProcessor

1 processor(s) skipped this assembly
[574/584    0s] CopyFiles Library/ScriptAssemblies/Unity.XR.ARFoundation.VisualScripting.Editor.dll
[575/584    0s] CopyFiles Library/ScriptAssemblies/Unity.XR.ARFoundation.VisualScripting.Editor.pdb
[576/584    0s] MovedFromExtractor-Combine Library/Bee/artifacts/1900b0aE.dag/Assembly-CSharp.dll.mvfrm
[577/584    0s] ILPostProcess Library/Bee/artifacts/1900b0aE.dag/post-processed/Unity.XR.Simulation.Editor.dll (+pdb)
Processing assembly Library/Bee/artifacts/1900b0aE.dag/Unity.XR.Simulation.Editor.dll, with 148 defines and 309 references

processors: zzzUnity.Burst.CodeGen.BurstILPostProcessor

1 processor(s) skipped this assembly
[578/584    0s] CopyFiles Library/ScriptAssemblies/Unity.XR.Simulation.Editor.pdb
[579/584    0s] CopyFiles Library/ScriptAssemblies/Unity.XR.Simulation.Editor.dll
[580/584    0s] Csc Library/Bee/artifacts/1900b0aE.dag/Assembly-CSharp.dll (+2 others)
Assets\unity-ar-module\Scripts\ARPlacementManager.cs(18,26): warning CS0618: 'Object.FindObjectOfType<T>()' is obsolete: 'Object.FindObjectOfType has been deprecated. Use Object.FindAnyObjectByType instead.'

Assets\unity-ar-module\Scripts\ARPlacementManager.cs(19,24): warning CS0618: 'Object.FindObjectOfType<T>()' is obsolete: 'Object.FindObjectOfType has been deprecated. Use Object.FindAnyObjectByType instead.'
[581/584    0s] ILPostProcess Library/Bee/artifacts/1900b0aE.dag/post-processed/Assembly-CSharp.dll (+pdb)
Processing assembly Library/Bee/artifacts/1900b0aE.dag/Assembly-CSharp.dll, with 149 defines and 321 references

processors: zzzUnity.Burst.CodeGen.BurstILPostProcessor

1 processor(s) skipped this assembly
[582/584    0s] CopyFiles Library/ScriptAssemblies/Assembly-CSharp.dll
[583/584    0s] CopyFiles Library/ScriptAssemblies/Assembly-CSharp.pdb
*** Tundra build success (20.24 seconds), 246 items updated, 584 evaluated
Assets\unity-ar-module\Scripts\ARPlacementManager.cs(18,26): warning CS0618: 'Object.FindObjectOfType<T>()' is obsolete: 'Object.FindObjectOfType has been deprecated. Use Object.FindAnyObjectByType instead.'
Assets\unity-ar-module\Scripts\ARPlacementManager.cs(19,24): warning CS0618: 'Object.FindObjectOfType<T>()' is obsolete: 'Object.FindObjectOfType has been deprecated. Use Object.FindAnyObjectByType instead.'
Total cache size 53930968
Total cache size after purge 53930968, took 00:00:00.2059940
AssetDatabase: script compilation time: 27.406831s
Begin MonoManager ReloadAssembly
Refreshing native plugins compatible for Editor in 86.19 ms, found 1 plugins.
Native extension for WindowsStandalone target not found
Native extension for WebGL target not found
ScheduleIndexationOnStartup MainProcess:True IndexOnStartup:True
Scripting: successfully reloaded assembly
- Finished resetting the current domain, in  0.884 seconds
Domain Reload Profiling: 2633ms
	BeginReloadAssembly (412ms)
		DisableScriptedObjects (86ms)
		CreateAndSetChildDomain (77ms)
	RebuildCommonClasses (13ms)
	RebuildNativeTypeToScriptingClass (27ms)
	initialDomainReloadingComplete (84ms)
	LoadAllAssembliesAndSetupDomain (1211ms)
		LoadAssemblies (1026ms)
		TypeCache.Refresh (80ms)
			TypeCache.ScanAssembly (68ms)
		AnalyzeDomain (47ms)
			BuildScriptInfoCaches (40ms)
			ResolveRequiredComponents (4ms)
	FinalizeReload (885ms)
		SetupLoadedEditorAssemblies (0ms)
			LogAssemblyErrors (3ms)
			InitializePlatformSupportModulesInManaged (3ms)
			BeforeProcessingInitializeOnLoad (155ms)
			ProcessInitializeOnLoadAttributes (319ms)
			ProcessInitializeOnLoadMethodAttributes (74ms)
			AfterProcessingInitializeOnLoad (11ms)
		AwakeInstancesAfterBackupRestoration (39ms)
Starting new worker id: 0 with log in C:/Users/RAJATH M P/OneDrive/Desktop/heart/Logs/AssetImportWorkerHW0.log

Asset Pipeline Refresh (id=30c48a4a9d1637d4381e1093823130a4): Total: 31.436 seconds - Initiated by InitialRefreshV2(ForceSynchronousImport)
	(Values over 0.05ms)
	Summary:
		Imports: total=18 (actual=0, local cache=18, cache server=0)
		Asset DB Process Time: managed=0 ms, native=2058 ms
		Asset DB Callback time: managed=45 ms, native=65 ms
		Scripting: domain reloads=1, domain reload time=1813 ms, compile time=27411 ms, other=41 ms
		Project Asset Count: scripts=600, non-scripts=408
		Asset File Changes: new=0, changed=0, moved=0, deleted=0
		Scan Filter Count: 0
	InvokePackagesCallback: 67.656ms
	ApplyChangesToAssetFolders: 0.960ms
	Scan: 87.486ms
	Collect global state as custom dependencies: 16.423ms
	CategorizeScriptCompilationAssets: 214.514ms
	ProcessAssetsWithTransientArtifactChanges: 35.712ms
	CategorizeAssets: 14.849ms
	CompileScripts: 27411.021ms
	ImportOutOfDateAssets: 1021.973ms (999.059ms without children)
		UnloadImportedAssets: 0.129ms
		EnsureUptoDateAssetsAreRegisteredWithGuidPM: 0.323ms
		ImportSchedulerStart: 22.455ms
	PostProcessAllAssets: 45.495ms
		MonoPostProcessAllAssets: 45.337ms
			WindowAssetPostprocessingWatcher.OnPostprocessAllAssets 15.359ms
			SyncVS.PostprocessSyncProject 6.310ms
			EditModeScopePostprocessor.OnPostprocessAllAssets 1.530ms
			SpeedTree9Postprocessor.OnPostprocessAllAssets 1.455ms
			InputActionAssetPostprocessor.OnPostprocessAllAssets 0.506ms
			ReferencedClipsPostProcessor.OnPostprocessAllAssets 0.401ms
			TerrainToolbarOverlayPostProcessor.OnPostprocessAllAssets 0.338ms
			AssetDatabaseCallbacks.OnPostprocessAllAssets 0.296ms
			ProjectSettingsPostprocessor.OnPostprocessAllAssets 0.270ms
			RenderPipelineGlobalSettingsPostprocessor.OnPostprocessAllAssets 0.131ms
	UnloadStreamsBegin: 1.863ms
	PersistCurrentRevisions: 0.198ms
	GenerateScriptTypeHashes: 2.545ms
	GenerateScriptTypeSerializationHashes: 4.914ms
	Untracked: 2483.042ms

Application.AssetDatabase Initial Refresh End
Launched and connected shader compiler UnityShaderCompiler.exe after 0.05 seconds
Scanning for USB devices : 3.735ms
Initializing Unity extensions:
[MODES] ModeService[none].Initialize
[MODES] ModeService[none].LoadModes
[MODES] Loading mode Default (0) for mode-current-id-heart
Unloading 11 Unused Serialized files (Serialized files now loaded: 0)
Unloading 2193 unused Assets / (2.2 MB). Loaded Objects now: 2935.
Memory consumption went from 295.7 MB to 293.5 MB.
Total: 12.296300 ms (FindLiveObjects: 0.492700 ms CreateObjectMapping: 0.108700 ms MarkObjects: 9.221500 ms  DeleteObjects: 1.978100 ms)

[LAYOUT] About to load UserSettings\Layouts\default-6000.dwlt, keepMainWindow=False
[LAYOUT] About to save layout C:\Users\RAJATH M P\OneDrive\Desktop\heart\UserSettings\Layouts\default-6000.dwlt
[LAYOUT] About to save layout C:/Users/RAJATH M P/AppData/Roaming/Unity/Editor-5.x/Preferences\Layouts\current\default-6000.dwlt
[MODES] ModeService[default].InitializeCurrentMode
[MODES] ModeService[default].RaiseModeChanged(default, default)
This project uses Input Manager, which is marked for deprecation. To manage input in your project, use the <a href="https://docs.unity3d.com/Packages/com.unity.inputsystem@latest">Input System package</a> instead.
<RI> Initializing input.
Using Windows.Gaming.Input
XInput1_3.dll not found. Trying XInput9_1_0.dll instead...
<RI> Input initialized.
[Project] Loading completed in 53.529 seconds
	Project init time: 				50.659 seconds
		Template init time: 		0.000 seconds
		Package Manager init time: 		0.725 seconds
		Asset Database init time: 		1.221 seconds
		Global illumination init time: 	0.014 seconds
		Assemblies load time: 			10.614 seconds
		Unity extensions init time: 	0.013 seconds
		Asset Database refresh time: 	31.437 seconds
	Scene opening time: 			2.461 seconds
##utp:{"type":"ProjectInfo","version":2,"phase":"Immediate","time":1788975347638,"processId":18904,"projectLoad":53.5288461,"projectInit":50.6586561,"templateInit":0.0,"packageManagerInit":0.7254205,"assetDatabaseInit":1.22126,"globalIlluminationInit":0.0141683,"assembliesLoad":10.6142888,"unityExtensionsInit":0.0131014,"assetDatabaseRefresh":31.4373563,"sceneOpening":2.4612149}
##utp:{"type":"EditorInfo","version":2,"phase":"Immediate","time":1788975347639,"processId":18904,"editorVersion":"6000.6.0f1 (f7f8ed4d1e24)","branch":"6000.6/respin/6000.6.0f1-fa21a270ab12","buildType":"Release","platform":"Windows"}
Worker ready: AssetImportWorkerHW0 0
Created GICache directory at C:/Users/RAJATH M P/AppData/LocalLow/Unity/Caches/GiCache. Took: 0.038s, timestamps: [55.309 - 55.347]
[Licensing::Client] Successfully resolved entitlement details
[Licensing::Client] Successfully resolved entitlement details
[Licensing::Client] Successfully resolved entitlement details
[Licensing::Client] Successfully resolved entitlement details
[Licensing::Client] Successfully updated the access token
[Licensing::Module] Successfully updated access token: "gSQpYXIL"... (expires: 2026-09-09T19:28:30Z)
[Licensing::Client] Successfully resolved entitlement details
Asset Pipeline Refresh (id=0d58958198b57124db16b226d77be5c0): Total: 0.112 seconds - Initiated by RefreshV2(AllowForceSynchronousImport)
Start Indexing on Editor startup
[Indexing] Starting Initial Indexing for Assets
Starting new worker id: 1 with log in C:/Users/RAJATH M P/OneDrive/Desktop/heart/Logs/AssetImportWorkerHW1.log
[Worker0] Imported GUID: fd8b57d18a3c04944b76ab639c010434 - Path: Assets/XR/Loaders - Importer: ScriptedImporter/UnityEditor.QuickSearchModule:UnityEditor.Search:ASIAI0B -> (ImportResultId: 'dcd2f16285494963fd38275c237d73e9') in 0.1232109 seconds
Starting new worker id: 2 with log in C:/Users/RAJATH M P/OneDrive/Desktop/heart/Logs/AssetImportWorkerHW2.log
[Worker0] Imported GUID: 7d718cdcba4ab6a49827c34eecf888ef - Path: Assets/XR/UserSimulationSettings - Importer: ScriptedImporter/UnityEditor.QuickSearchModule:UnityEditor.Search:ASIAI0B -> (ImportResultId: 'e79b5805b89fb9bfdb9b0f913b723a06') in 0.0141956 seconds
[Worker0] Imported GUID: fb66cee2248a62b4e8008881cb66de8c - Path: Assets/XR/UserSimulationSettings/Resources/XRSimulationPreferences.asset - Importer: ScriptedImporter/UnityEditor.QuickSearchModule:UnityEditor.Search:ASIAI0B -> (ImportResultId: 'd66b473033e0e8e4f5b2c109f9f13899') in 0.1512458 seconds
[Worker0] Imported GUID: 875c108e817d1984e9e43cd289b75fa8 - Path: Assets/XR - Importer: ScriptedImporter/UnityEditor.QuickSearchModule:UnityEditor.Search:ASIAI0B -> (ImportResultId: '1f6821933e07dc040681bae354d74b77') in 0.0038445 seconds
[Worker0] Imported GUID: 3a7fd517fa1751840ab5c30f2b0719c6 - Path: Assets/XR/Settings - Importer: ScriptedImporter/UnityEditor.QuickSearchModule:UnityEditor.Search:ASIAI0B -> (ImportResultId: '41dd8100df882eec80081d1bcc757e5e') in 0.0027737 seconds
[Worker0] Imported GUID: 3dce9d8ab8a7edd40ba2dfb3d914a2ff - Path: Assets/XR/Loaders/ARCoreLoader.asset - Importer: ScriptedImporter/UnityEditor.QuickSearchModule:UnityEditor.Search:ASIAI0B -> (ImportResultId: '5271c24308d9557e29f45808ec183e19') in 0.0187278 seconds
[Worker0] Imported GUID: 2413e05e626075749b8ccaf60e64eebd - Path: Assets/XR/Resources/ARCoreRuntimeSettings.asset - Importer: ScriptedImporter/UnityEditor.QuickSearchModule:UnityEditor.Search:ASIAI0B -> (ImportResultId: 'd4c588ba228dbb142fe4bc595d716917') in 0.0207782 seconds
[Worker0] Imported GUID: 22872a62d7f10cb4dbc76f4beb10cae3 - Path: Assets/XR/Resources - Importer: ScriptedImporter/UnityEditor.QuickSearchModule:UnityEditor.Search:ASIAI0B -> (ImportResultId: 'a9deb5ff2a243c0b265c8714c3a44d37') in 0.0025683 seconds
[Worker0] Imported GUID: f1605e94b60504f44bcff44f2fcfc4ac - Path: Assets/XR/UserSimulationSettings/Resources - Importer: ScriptedImporter/UnityEditor.QuickSearchModule:UnityEditor.Search:ASIAI0B -> (ImportResultId: '4ea3118f852cde1099b755b45d36291f') in 0.003402 seconds
[Worker0] Imported GUID: 8775ae6686489164daf39450a2960124 - Path: Assets/unity-ar-module/Scripts/UIManager.cs - Importer: ScriptedImporter/UnityEditor.QuickSearchModule:UnityEditor.Search:ASIAI0B -> (ImportResultId: 'f5cf43c12da75586ab92cbb23bc9b2ef') in 0.0176305 seconds
[Worker0] Imported GUID: 113de4fec9fe3f140ad1a1e57c8cb861 - Path: Assets/XR/UserSimulationSettings/SimulationEnvironmentAssetsManager.asset - Importer: ScriptedImporter/UnityEditor.QuickSearchModule:UnityEditor.Search:ASIAI0B -> (ImportResultId: '4a18a94842fe7c4d473abe44b03dd509') in 0.0073975 seconds
[Worker0] Imported GUID: ac104ad9736773f49bd2c789d6578802 - Path: Assets/XR/Loaders/SimulationLoader.asset - Importer: ScriptedImporter/UnityEditor.QuickSearchModule:UnityEditor.Search:ASIAI0B -> (ImportResultId: 'a882060c63f45377c47c105fbd0ec399') in 0.0213306 seconds
[Worker0] Imported GUID: 604d1c570bc8aa341bc6fe61a620be53 - Path: Assets/XR/Settings/ARCoreSettings.asset - Importer: ScriptedImporter/UnityEditor.QuickSearchModule:UnityEditor.Search:ASIAI0B -> (ImportResultId: 'f791932f20945b7bef23c62d78ddbf2a') in 0.0177762 seconds
[Worker0] Imported GUID: c4667109a5fd07841b5b7060291f4ced - Path: Assets/XR/Resources/XRSimulationRuntimeSettings.asset - Importer: ScriptedImporter/UnityEditor.QuickSearchModule:UnityEditor.Search:ASIAI0B -> (ImportResultId: 'f046df116c1b6ae437cdf261fc8059eb') in 0.0127558 seconds
Worker ready: AssetImportWorkerHW1 1
Worker ready: AssetImportWorkerHW2 2
Asset Pipeline Refresh (id=1f902314c313dd340a65d66a92ff0b4d): Total: 0.010 seconds - Initiated by RefreshV2(AllowForceSynchronousImport)
TrimDiskCacheJob: Current cache size 0mb
Asset Pipeline Refresh (id=0106a898236700844bac1f3251944457): Total: 0.006 seconds - Initiated by RefreshV2(AllowForceSynchronousImport)
Asset Pipeline Refresh (id=2165f04cd7fd08a43837cdab799b2a12): Total: 0.007 seconds - Initiated by RefreshV2(AllowForceSynchronousImport)
Asset Pipeline Refresh (id=e9475378ffb66b843b1d096f972a8fc1): Total: 0.010 seconds - Initiated by RefreshV2(AllowForceSynchronousImport)
Asset Pipeline Refresh (id=00494b6a3254f6444899704472b288e8): Total: 0.007 seconds - Initiated by RefreshV2(AllowForceSynchronousImport)
Asset Pipeline Refresh (id=136f3243730be624795011df9a9d2525): Total: 0.008 seconds - Initiated by RefreshV2(AllowForceSynchronousImport)
Asset Pipeline Refresh (id=18aff092ececa57418707e992cf42200): Total: 0.007 seconds - Initiated by RefreshV2(AllowForceSynchronousImport)
Asset Pipeline Refresh (id=4eea86b8fc4f5f24a9b2bd60a2223cf9): Total: 0.007 seconds - Initiated by RefreshV2(AllowForceSynchronousImport)
Scanning for USB devices : 5.524ms
Scanning for USB devices : 7.666ms
Scanning for USB devices : 4.817ms
Scanning for USB devices : 4.118ms
Scanning for USB devices : 4.803ms
Scanning for USB devices : 3.390ms
Asset Pipeline Refresh (id=5594a033131961d49b00ca195bb31f1b): Total: 0.101 seconds - Initiated by RefreshV2(AllowForceSynchronousImport)
Asset Pipeline Refresh (id=720fdf193ad81a44dbf0e8aeb4251540): Total: 0.010 seconds - Initiated by RefreshV2(AllowForceSynchronousImport)
Asset Pipeline Refresh (id=f403a3a3294071f409f2eaa11094ab3e): Total: 0.008 seconds - Initiated by RefreshV2(AllowForceSynchronousImport)
Asset Pipeline Refresh (id=2ad1e66b7dcef0445841e26876e4f25e): Total: 0.011 seconds - Initiated by RefreshV2(AllowForceSynchronousImport)
Asset Pipeline Refresh (id=dbc97327723ee5b49b1cf3fcc260ff0f): Total: 0.007 seconds - Initiated by RefreshV2(AllowForceSynchronousImport)
Asset Pipeline Refresh (id=8cb45fc1b758ab243a2182f9de2cde04): Total: 0.006 seconds - Initiated by RefreshV2(AllowForceSynchronousImport)
Asset Pipeline Refresh (id=4e1fd528b4d0dee41a0202b3e58eeed1): Total: 0.005 seconds - Initiated by RefreshV2(AllowForceSynchronousImport)
Asset Pipeline Refresh (id=e5f1f26f6435a0144a1963db23dc8d94): Total: 0.007 seconds - Initiated by RefreshV2(AllowForceSynchronousImport)
[Licensing::Client] Successfully resolved entitlement details
Asset Pipeline Refresh (id=125378d24a3249f4fb42bfa65a088e0e): Total: 0.008 seconds - Initiated by RefreshV2(AllowForceSynchronousImport)
Asset Pipeline Refresh (id=ac99846c7db459f479308e6d3c275105): Total: 0.010 seconds - Initiated by RefreshV2(AllowForceSynchronousImport)
Asset Pipeline Refresh (id=ad01408c2304a614e9bdae80db9e9faa): Total: 0.006 seconds - Initiated by RefreshV2(AllowForceSynchronousImport)
Asset Pipeline Refresh (id=348711707d2ddf742883054eb7b7717f): Total: 0.007 seconds - Initiated by RefreshV2(AllowForceSynchronousImport)
Asset Pipeline Refresh (id=9cd2b185ef324d54380cf8e3f8c6861c): Total: 0.034 seconds - Initiated by RefreshV2(AllowForceSynchronousImport)
Asset Pipeline Refresh (id=7985c89fada9bee4bb0889a6c6cf9daf): Total: 0.007 seconds - Initiated by RefreshV2(AllowForceSynchronousImport)
Asset Pipeline Refresh (id=fc77001be534f2c41b7c654ee4e477ad): Total: 0.006 seconds - Initiated by RefreshV2(AllowForceSynchronousImport)
[Licensing::Client] Successfully resolved entitlement details
Importing 'GUID: 006305b616daf47409935f3dc8a172e2 - Path: Packages/com.unity.inputsystem/InputSystem/Editor/Icons/ChevronUp@3x.png' with importer (TextureImporter)
Imported 'GUID: 006305b616daf47409935f3dc8a172e2' -> (Import Result ID: 'e035a15845e11bcdf5a47ca788c369d3') in 0.055 seconds [static and dynamic dependencies]. Details - ImportResultOutputID=b74f22954d0ebb3024e405e928c7b635 DependenciesID=c5fc5aaabd1e912f58544f07762043b9 StaticDependenciesID=24255ce3788d7d2f26978d6f33f7624a 
Importing 'GUID: 0068f400a72d84c92a1b8f5889a574b2 - Path: Packages/com.unity.inputsystem/InputSystem/Editor/Icons/d_ChevronDown@2x.png' with importer (TextureImporter)
Imported 'GUID: 0068f400a72d84c92a1b8f5889a574b2' -> (Import Result ID: 'f02e61d93f2df4cb21c0a73cd32c6128') in 0.026 seconds [static and dynamic dependencies]. Details - ImportResultOutputID=73492fd997b9c6d1817088ca720eb14c DependenciesID=8494e4ca4780d18f11055d09da587675 StaticDependenciesID=195fa452acd413c939b87bed44ae5f41 
Importing 'GUID: 2027b97fd12d842d7a3169c784502a54 - Path: Packages/com.unity.inputsystem/InputSystem/Editor/Icons/Interactive Binding@2x.png' with importer (TextureImporter)
Imported 'GUID: 2027b97fd12d842d7a3169c784502a54' -> (Import Result ID: 'd9b995da31854fa1790399c10033612c') in 0.022 seconds [static and dynamic dependencies]. Details - ImportResultOutputID=be1975ceea09a6c693d08a4ca047525a DependenciesID=c408395eb8e2ba6fdbac72e41fdb53bf StaticDependenciesID=b714b4f96656c09cb05ac3350d8e5ada 
Importing 'GUID: 3028dc075ba8c584d9bc7d1e0255e038 - Path: Packages/com.unity.inputsystem/InputSystem/Editor/Icons/InputSystemUIInputModule@64.png' with importer (TextureImporter)
Imported 'GUID: 3028dc075ba8c584d9bc7d1e0255e038' -> (Import Result ID: '0b5c5a929c1d601871d6aeb2d9aedb8b') in 0.026 seconds [static and dynamic dependencies]. Details - ImportResultOutputID=4b598c6e922d32a39b6ee26e1bbdbdb2 DependenciesID=dedef4987c093669933f98599754c45e StaticDependenciesID=b1444f811a90d12cedeb45410815698e 
Importing 'GUID: 40265a896a0f341bb956e90c59025a29 - Path: Packages/com.unity.inputsystem/InputSystem/Editor/Icons/InputAction.png' with importer (TextureImporter)
Imported 'GUID: 40265a896a0f341bb956e90c59025a29' -> (Import Result ID: '7ac1d736a97ae5324af5867a138e601e') in 0.024 seconds [static and dynamic dependencies]. Details - ImportResultOutputID=241b2b375b5d8f3135d699c791ba18e1 DependenciesID=3cb07ab251af987afdf51446d04c9f2d StaticDependenciesID=302e1748b8c602c7dd4014dd05d1290c 
Importing 'GUID: 90a79eef6393246e88d11f6201a42bf8 - Path: Packages/com.unity.xr.arcore/Tests/Editor/Assets/one.png' with importer (TextureImporter)
Imported 'GUID: 90a79eef6393246e88d11f6201a42bf8' -> (Import Result ID: '24dc8cd356617f7d6e338c6df189d0ab') in 0.050 seconds [static and dynamic dependencies]. Details - ImportResultOutputID=5b76864da7624d93361ebbec8faad873 DependenciesID=d52a1440bff1c9aa09268416332663ff StaticDependenciesID=fca6d8744f7f7bd1d0c4bf35e125c803 
Importing 'GUID: a0b78c5ab9d654a9daba91ff774b4931 - Path: Packages/com.unity.inputsystem/InputSystem/Editor/Icons/Mouse@4x.png' with importer (TextureImporter)
Imported 'GUID: a0b78c5ab9d654a9daba91ff774b4931' -> (Import Result ID: '407b555654b744ed48613e1a0784308b') in 0.027 seconds [static and dynamic dependencies]. Details - ImportResultOutputID=f6d8a481dc6fa4e95bc5ab7cbf1d7d93 DependenciesID=5a2b0bf2a487abb64064af913924da07 StaticDependenciesID=c31113280d36308478a14cc89612bab5 
Importing 'GUID: b025a2a0f9e554d1e88a93b5649dfc3f - Path: Packages/com.unity.inputsystem/InputSystem/Editor/Icons/InputActionAsset.png' with importer (TextureImporter)
Imported 'GUID: b025a2a0f9e554d1e88a93b5649dfc3f' -> (Import Result ID: '80d0bcfa4c3116cdcceca873bc5f552c') in 0.027 seconds [static and dynamic dependencies]. Details - ImportResultOutputID=4d363a4da2b49c30bdc54a0072e4cf65 DependenciesID=7e864456624fbc7204ea1c7123e928f3 StaticDependenciesID=7f5535baebafc38cdb5a9815991f5c4b 
Importing 'GUID: b02e3f0c0798a4f1789a89a7697660be - Path: Packages/com.unity.inputsystem/InputSystem/Editor/AssetEditor/PackageResources/pro/propertiesBackground.png' with importer (TextureImporter)
Imported 'GUID: b02e3f0c0798a4f1789a89a7697660be' -> (Import Result ID: '59f7640360af49c86718cba564b66da2') in 0.014 seconds [static and dynamic dependencies]. Details - ImportResultOutputID=d363e1cfbb375004abbdc8b5ccbf29a9 DependenciesID=e89af41acd0b99890b7885045065fd03 StaticDependenciesID=c4761556ffb8c8c558243716768e036e 
Importing 'GUID: c0996bc290ff74bf4834f4a8b7dc8c3e - Path: Packages/com.unity.inputsystem/InputSystem/Editor/AssetEditor/PackageResources/pro/foldoutBackground.png' with importer (TextureImporter)
Imported 'GUID: c0996bc290ff74bf4834f4a8b7dc8c3e' -> (Import Result ID: 'd897e365e217b56e987470832d007732') in 0.023 seconds [static and dynamic dependencies]. Details - ImportResultOutputID=23bb2a8333c8179fbc3902ef42c4523d DependenciesID=c72ffec63d76808ede2cfb20845a326b StaticDependenciesID=2b35191f2bc3bc1647101cca0a38742f 
Importing 'GUID: d0006d51a864248adba0238883f8c71e - Path: Packages/com.unity.inputsystem/InputSystem/Editor/Icons/Axis@2x.png' with importer (TextureImporter)
Imported 'GUID: d0006d51a864248adba0238883f8c71e' -> (Import Result ID: 'c935322d09a459b811dddf69de1331db') in 0.021 seconds [static and dynamic dependencies]. Details - ImportResultOutputID=8014100d1bbbcee80da6a7e3374b1079 DependenciesID=2c6040eb068b495808d90de5016da5b8 StaticDependenciesID=b1b9ec3fe7f6d1176b990b1c0ee77faf 
Importing 'GUID: d063466193bd7d849a39c4fe3a4291a0 - Path: Packages/com.unity.xr.arfoundation/Editor/Icons/ArrowCaretRight@2x.png' with importer (TextureImporter)
Imported 'GUID: d063466193bd7d849a39c4fe3a4291a0' -> (Import Result ID: '4c8c7bc36c8c8c829013d5fb409ef196') in 0.021 seconds [static and dynamic dependencies]. Details - ImportResultOutputID=a7532b903bbcb80900d9b894f96cd11d DependenciesID=41a47d255d8101909cccdc03c95b5015 StaticDependenciesID=7dd28cc74b7427f9bc4e3df44dafdcd7 
Importing 'GUID: e0b604dee94974948961f7c5ce96485d - Path: Packages/com.unity.xr.arcore/Tests/Editor/Unity.XR.ARCore.Editor.Tests-UnityLogo White On Black.jpg' with importer (TextureImporter)
Imported 'GUID: e0b604dee94974948961f7c5ce96485d' -> (Import Result ID: 'aae9330105c72bb4aa97a4b96495340d') in 0.027 seconds [static and dynamic dependencies]. Details - ImportResultOutputID=19c886e7404d52b3bbffa26a0fd51802 DependenciesID=2b0e74a2ac0f790fabcfcd6b604f587a StaticDependenciesID=f4d0ba2d59a0241a00ece109fbc768e7 
Importing 'GUID: e01ab4b854c6d4fa3a8d869b67ecd643 - Path: Packages/com.unity.inputsystem/InputSystem/Editor/Icons/d_Axis@4x.png' with importer (TextureImporter)
Imported 'GUID: e01ab4b854c6d4fa3a8d869b67ecd643' -> (Import Result ID: '9a6d2c22030edef89ea8c40833604727') in 0.014 seconds [static and dynamic dependencies]. Details - ImportResultOutputID=0f57cb676ff27fd9b2c5fb72d3f1c41b DependenciesID=bf14a50e019ef81a65fb7b9a047cb513 StaticDependenciesID=3bfcd746c5de538ebd3ce3d82e17a05a 
Importing 'GUID: e05ace3bd15740cda0bad60d89092a5b - Path: Packages/com.unity.ugui/Editor Resources/Textures/btn_AlignRight_Light.psd' with importer (TextureImporter)
Imported 'GUID: e05ace3bd15740cda0bad60d89092a5b' -> (Import Result ID: 'dd267c0d3a46ad12734b45f36e06038c') in 0.027 seconds [static and dynamic dependencies]. Details - ImportResultOutputID=e3378e0de8741ec76ce7b3c08d6589a1 DependenciesID=80e9d258f7d38d4264344c6ff4a78fd3 StaticDependenciesID=d9f94ae87f2f802f9a04ff18904e6456 
Importing 'GUID: 2196c18f03faf4184b1aeb2c61d5571d - Path: Packages/com.unity.inputsystem/InputSystem/Editor/Icons/Interactive Binding.png' with importer (TextureImporter)
Imported 'GUID: 2196c18f03faf4184b1aeb2c61d5571d' -> (Import Result ID: '58de31faab602ffa9b257c36ac18f358') in 0.013 seconds [static and dynamic dependencies]. Details - ImportResultOutputID=157a2d7db3aa87ef2d11a562778ce02a DependenciesID=020e8cbc9b92f68105b3cc98f9cfa732 StaticDependenciesID=86f4cb999f6cb8b246ccf736963b4838 
Importing 'GUID: 41b96614b2e6494ba995ddcd252d11ae - Path: Packages/com.unity.ugui/Editor Resources/Textures/btn_AlignMiddle.psd' with importer (TextureImporter)
Imported 'GUID: 41b96614b2e6494ba995ddcd252d11ae' -> (Import Result ID: '5125427f80516a9e0736ad9113262b24') in 0.026 seconds [static and dynamic dependencies]. Details - ImportResultOutputID=a31ce63bcafb7e50975dfc641407af95 DependenciesID=3b62ead87d2e7413738f56c16d0b58d1 StaticDependenciesID=5a5c15e298bb8ec4d74b26c00546f68c 
Importing 'GUID: 41edf25d451a744e6ad1172a677603bd - Path: Packages/com.unity.inputsystem/InputSystem/Editor/Icons/d_Dpad@4x.png' with importer (TextureImporter)
Imported 'GUID: 41edf25d451a744e6ad1172a677603bd' -> (Import Result ID: 'fb6917374039544878fe2b84654ace1d') in 0.015 seconds [static and dynamic dependencies]. Details - ImportResultOutputID=99dbc8c82b6400608649fd43ffafa104 DependenciesID=f999b7068765779e3296ebfc963b9dff StaticDependenciesID=c3fe22e2b7dd174c3782bc6af6e68046 
Importing 'GUID: 6191a40940a3e46899ecf82fa8389d01 - Path: Packages/com.unity.inputsystem/InputSystem/Editor/Icons/Keyboard@3x.png' with importer (TextureImporter)
Imported 'GUID: 6191a40940a3e46899ecf82fa8389d01' -> (Import Result ID: '0b5d68c782050159bdfd9a0b5ce37d47') in 0.014 seconds [static and dynamic dependencies]. Details - ImportResultOutputID=0177adfbf4e31e3c03ee1587b7ea9a28 DependenciesID=0833d5087080be659c086c45274fd4dc StaticDependenciesID=cae924500b1ca42d275f98dc7207d54e 
Importing 'GUID: 6164e492ad3164525ab8ecd9968c3a64 - Path: Packages/com.unity.inputsystem/InputSystem/Editor/Icons/d_Mouse@3x.png' with importer (TextureImporter)
Imported 'GUID: 6164e492ad3164525ab8ecd9968c3a64' -> (Import Result ID: '3b7bbf7b1b721a7274bb34d01bea82bf') in 0.013 seconds [static and dynamic dependencies]. Details - ImportResultOutputID=3b1dd23f74be603f3de8ee9d84bd59ad DependenciesID=f2354e75fb6f32e59a59dfad377b38ec StaticDependenciesID=69ff2a9307f6131f8dc4a703f3160f1c 
Importing 'GUID: 81ed8c76d2bc4a4c95d092c98af4e58f - Path: Packages/com.unity.ugui/Editor Resources/Textures/btn_AlignCenter.psd' with importer (TextureImporter)
Imported 'GUID: 81ed8c76d2bc4a4c95d092c98af4e58f' -> (Import Result ID: 'e3b487be3564189c6ed79edca63e1aa0') in 0.026 seconds [static and dynamic dependencies]. Details - ImportResultOutputID=cd0030e5ccb8a13901227c563df9db9a DependenciesID=b4801f0c2b7a2c53dc3cdacf5363b15e StaticDependenciesID=fcb888a83e430d43975a864d6ba072ce 
Importing 'GUID: a1b7d9ffed68a47128c5622c13ba4752 - Path: Packages/com.unity.inputsystem/InputSystem/Editor/Icons/d_Dpad@3x.png' with importer (TextureImporter)
Imported 'GUID: a1b7d9ffed68a47128c5622c13ba4752' -> (Import Result ID: '8674220f9164212556fc5dc286db7f70') in 0.017 seconds [static and dynamic dependencies]. Details - ImportResultOutputID=47039c7769ecb9a4ef871681027ceca6 DependenciesID=b89cf33bee89238fb37875b8066452cb StaticDependenciesID=9b1cf74b86336e0f209b3658740c16e5 
Importing 'GUID: d1acbe0a708dc40dc80254764e67ecfa - Path: Packages/com.unity.inputsystem/InputSystem/Editor/Icons/ChevronDown@4x.png' with importer (TextureImporter)
Imported 'GUID: d1acbe0a708dc40dc80254764e67ecfa' -> (Import Result ID: '56ba6d33087a600e722b74ca2b5632f0') in 0.028 seconds [static and dynamic dependencies]. Details - ImportResultOutputID=67905c91a1e41190306d85492ccca0f0 DependenciesID=45753bafd5c7587ae0631039280605fa StaticDependenciesID=9de956af8711107508c5ee9d33099453 
Importing 'GUID: e1da124f7cbda41a4925397406076a42 - Path: Packages/com.unity.inputsystem/InputSystem/Editor/Icons/d_Position@3x.png' with importer (TextureImporter)
Imported 'GUID: e1da124f7cbda41a4925397406076a42' -> (Import Result ID: 'c23db37db0fd73badc00adf2acaace31') in 0.027 seconds [static and dynamic dependencies]. Details - ImportResultOutputID=d5e7099ad36aeb52ff3d0916f792f169 DependenciesID=ea6c3b1e88820b9147f734928eab8a67 StaticDependenciesID=207a6680f6f5990195ae53b2a89af9b8 
Importing 'GUID: f14e3a4027f834f16b235498ac15bb3f - Path: Packages/com.unity.inputsystem/InputSystem/Editor/Icons/d_Keyboard@2x.png' with importer (TextureImporter)
Imported 'GUID: f14e3a4027f834f16b235498ac15bb3f' -> (Import Result ID: '9d7ec991e09754cb55b5e985529acf32') in 0.023 seconds [static and dynamic dependencies]. Details - ImportResultOutputID=7ac66f948f162835a08d11bf0cc5dadc DependenciesID=116618b9b451a06191a93e35f35bdc55 StaticDependenciesID=d809c0719c09459e2c68caa63eef2249 
Importing 'GUID: 12736c98af174f91827a26b66d2b01b9 - Path: Packages/com.unity.ugui/Editor Resources/Textures/btn_AlignLeft_Light.psd' with importer (TextureImporter)
Imported 'GUID: 12736c98af174f91827a26b66d2b01b9' -> (Import Result ID: '53b7229ba482d66572ed1d581aefeda6') in 0.027 seconds [static and dynamic dependencies]. Details - ImportResultOutputID=ccc741d7f4c2ad73d97e1eaf3569a144 DependenciesID=894af5b2804d889a317abe8f50388173 StaticDependenciesID=00b839894418c56ec93b02124e8ba609 
Importing 'GUID: 123b6218ad27a41af933311ee524dcdc - Path: Packages/com.unity.inputsystem/InputSystem/Editor/Icons/d_Keyboard@4x.png' with importer (TextureImporter)
Imported 'GUID: 123b6218ad27a41af933311ee524dcdc' -> (Import Result ID: '0da310df910d128c3f2b6283b9209582') in 0.025 seconds [static and dynamic dependencies]. Details - ImportResultOutputID=3d9269fb373bc0a7807a77bb4171502c DependenciesID=769e055bc865a18a3c34ace9ed8d4ab2 StaticDependenciesID=fd551e39392eeff007659d60055d1d6e 
Importing 'GUID: 424bff4d3ea64400e9b384cb8bebfb96 - Path: Packages/com.unity.inputsystem/InputSystem/Editor/Icons/d_Orientation@3x.png' with importer (TextureImporter)
Imported 'GUID: 424bff4d3ea64400e9b384cb8bebfb96' -> (Import Result ID: '2713bffdc13c958a47d6562d2c60e486') in 0.020 seconds [static and dynamic dependencies]. Details - ImportResultOutputID=e4f887cea4c85f604651b13f27c741f7 DependenciesID=36d459aa4947319ea23a6d2fcbd74c5f StaticDependenciesID=705613d59785d308bfd3c55730da2503 
Importing 'GUID: 52a208bb46e934bb5aba0a4973595f80 - Path: Packages/com.unity.xr.arfoundation/Assets/Textures/DialogBackground@4x.png' with importer (TextureImporter)
Imported 'GUID: 52a208bb46e934bb5aba0a4973595f80' -> (Import Result ID: '76220e4aa7b5e88dc6047721d5cfe742') in 0.030 seconds [static and dynamic dependencies]. Details - ImportResultOutputID=d63d243b2d834d364a22881bbede7f43 DependenciesID=aeb3d0c2627ce07860d08cb99fd4057b StaticDependenciesID=01fa942a90a7e677cdcbafa13c7109f9 
Importing 'GUID: 6234dae5cf6f04acb9a51e04d448e444 - Path: Packages/com.unity.inputsystem/InputSystem/Editor/Icons/Stick.png' with importer (TextureImporter)
Imported 'GUID: 6234dae5cf6f04acb9a51e04d448e444' -> (Import Result ID: 'bb5a821bdcf2baabcd0bee618e1d2326') in 0.022 seconds [static and dynamic dependencies]. Details - ImportResultOutputID=0ace65e370dae18fc4b148ebb3f099fe DependenciesID=eeda8b5f684547912d6c0ac3eaa222d2 StaticDependenciesID=c8b87b061d868f84f7a4121a48dc70d4 
Importing 'GUID: 62c846073cb844a2b926e4bbd3189647 - Path: Packages/com.unity.inputsystem/InputSystem/Editor/Icons/d_Axis@3x.png' with importer (TextureImporter)
Imported 'GUID: 62c846073cb844a2b926e4bbd3189647' -> (Import Result ID: '9063577ec918435cff0d7ed7e257ea54') in 0.014 seconds [static and dynamic dependencies]. Details - ImportResultOutputID=41e7f18d711b01011c103d2cde13cc1d DependenciesID=e7b42ddf3621297ef42c636258f268ab StaticDependenciesID=f847d042f3ab06235f9907d1a0de1318 
Importing 'GUID: 62f8dda50382d487597224e197cbd34f - Path: Packages/com.unity.inputsystem/InputSystem/Editor/Icons/Orientation@2x.png' with importer (TextureImporter)
Imported 'GUID: 62f8dda50382d487597224e197cbd34f' -> (Import Result ID: 'ad8661f4217ec4529e0271dee8c7d500') in 0.022 seconds [static and dynamic dependencies]. Details - ImportResultOutputID=70f8da07e19004c74dbebddecc6a3f1b DependenciesID=084f22f781053fbb4e583e82c3d99e38 StaticDependenciesID=0e8fa0cfd33dbbe8d135d13f027296eb 
Importing 'GUID: 62ce957ca99fe4fcba573a5b141eb113 - Path: Packages/com.unity.inputsystem/InputSystem/Editor/Icons/InputControl@2x.png' with importer (TextureImporter)
Imported 'GUID: 62ce957ca99fe4fcba573a5b141eb113' -> (Import Result ID: 'a52947bfc362833ca836c525e30e87f5') in 0.020 seconds [static and dynamic dependencies]. Details - ImportResultOutputID=d81ad556fdfc6e040eaaec199b62badf DependenciesID=dc53abe7bec2b32debac16c31ac77d0a StaticDependenciesID=9065da737ec1df3f51cacfa7347ac8f1 
Importing 'GUID: 8236c695e72414e7889fb3f4d8226fde - Path: Packages/com.unity.xr.arfoundation/Editor/Icons/d_ARVR@4x.png' with importer (TextureImporter)
Imported 'GUID: 8236c695e72414e7889fb3f4d8226fde' -> (Import Result ID: '1a8d06c0c1a9fe990f9666aa1c7f7879') in 0.016 seconds [static and dynamic dependencies]. Details - ImportResultOutputID=b4572a7c150f09005360ddff263d4d7a DependenciesID=284fa2a634a3f3f937ce27a911fa0f99 StaticDependenciesID=e4f5859a7e3e909f286705f7ed00ad99 
Importing 'GUID: 82073a8bfd6b8488a89b8796d500d12d - Path: Packages/com.unity.inputsystem/InputSystem/Editor/Icons/Touch@2x.png' with importer (TextureImporter)
Imported 'GUID: 82073a8bfd6b8488a89b8796d500d12d' -> (Import Result ID: 'e74b4dab6192ca517b7e51f53ad4e5a3') in 0.022 seconds [static and dynamic dependencies]. Details - ImportResultOutputID=f39bd33f574907a5ff3d76367a59906c DependenciesID=b03a6e4e03078ad3e927bc229dfa047a StaticDependenciesID=2a061aaf004a7be026e71e153a1af774 
Importing 'GUID: 92027f7f8cfc4feaa477da0dc38d3d46 - Path: Packages/com.unity.ugui/Editor Resources/Textures/btn_AlignJustified.psd' with importer (TextureImporter)
Imported 'GUID: 92027f7f8cfc4feaa477da0dc38d3d46' -> (Import Result ID: '6d664a777506ee2212da37ac7dd4b165') in 0.025 seconds [static and dynamic dependencies]. Details - ImportResultOutputID=4a30e95265a694bd6d97d67ae36e29d5 DependenciesID=e718bb67230ff32e9b3d0fb04a1639ef StaticDependenciesID=01480926a7ece50ae2a420b76bf5a23e 
Importing 'GUID: 9288066c33474b94b6ee5465f4df1cc0 - Path: Packages/com.unity.ugui/Editor Resources/Textures/btn_AlignLeft.psd' with importer (TextureImporter)
Imported 'GUID: 9288066c33474b94b6ee5465f4df1cc0' -> (Import Result ID: 'b13fe1f91940f626288364c50bff996f') in 0.028 seconds [static and dynamic dependencies]. Details - ImportResultOutputID=d721db3940c5ac89e9821c36fabc251f DependenciesID=f1a923b26f4c6aaa185d5165bd1d3bf0 StaticDependenciesID=fb8d7436814d919fb53c628f0d6c097c 
Importing 'GUID: a23489f7f0d4e364c964361e900e4be6 - Path: Packages/com.unity.xr.arfoundation/Editor/Icons/d_ArrowCaretLeft@2x.png' with importer (TextureImporter)
Imported 'GUID: a23489f7f0d4e364c964361e900e4be6' -> (Import Result ID: '96f06e1001b95149715335f4aff9ca7b') in 0.025 seconds [static and dynamic dependencies]. Details - ImportResultOutputID=be1e8860527c45c946eda0fb98171c7b DependenciesID=283f8d9e4f2a8d3c213c3e32c0976552 StaticDependenciesID=41c5a89321a900f4981d6edcae65269a 
Importing 'GUID: a2691ee365c36ea429319fe131fd85aa - Path: Packages/com.unity.xr.arfoundation/Editor/Icons/d_XREnvironment@2x.png' with importer (TextureImporter)
Imported 'GUID: a2691ee365c36ea429319fe131fd85aa' -> (Import Result ID: 'de368b5fd3e384242ac9a15b2c053ae7') in 0.022 seconds [static and dynamic dependencies]. Details - ImportResultOutputID=720cb79d20787547963188869bc92b6a DependenciesID=2ab993d822b387dc118995090f94a64c StaticDependenciesID=2f97a96bfae1c25eacc37639240ad7c2 
Importing 'GUID: c2f7f6a88b4c4f20a53deb72f3d9144c - Path: Packages/com.unity.ugui/Editor Resources/Textures/btn_AlignMidLine.psd' with importer (TextureImporter)
Imported 'GUID: c2f7f6a88b4c4f20a53deb72f3d9144c' -> (Import Result ID: '449eb58fbaa075e7d8e25a361b8c8104') in 0.029 seconds [static and dynamic dependencies]. Details - ImportResultOutputID=6d4de75c71b0c233c7dcc703c2bae022 DependenciesID=b876957ebf05e58731566bfca28105b6 StaticDependenciesID=0939e1f48ad590596677e97b50221222 
Importing 'GUID: c28849deb3e3b45c98965e7efd26f7be - Path: Packages/com.unity.inputsystem/InputSystem/Editor/Icons/Joystick.png' with importer (TextureImporter)
Imported 'GUID: c28849deb3e3b45c98965e7efd26f7be' -> (Import Result ID: '7ec999c0f5b7a2b8799cc131e5efdcae') in 0.014 seconds [static and dynamic dependencies]. Details - ImportResultOutputID=08507334befdf201a4189f7693224f20 DependenciesID=f51375be1f414eaec628bcd680a394ae StaticDependenciesID=8c4180cfcc8bf034f65bdb63e4e0d40f 
Importing 'GUID: e2078613efd9e410c8771cbd2717f4e7 - Path: Packages/com.unity.inputsystem/InputSystem/Editor/Icons/d_InputControl@4x.png' with importer (TextureImporter)
Imported 'GUID: e2078613efd9e410c8771cbd2717f4e7' -> (Import Result ID: '71208dff92e8d974eae193b4cd5d05aa') in 0.013 seconds [static and dynamic dependencies]. Details - ImportResultOutputID=b0ef707b5243363a7eecb56166a9ba97 DependenciesID=f1cb6510f90837dc76b8e878a722e677 StaticDependenciesID=4b780d3a7b8407c11d153af21adf73c2 
Importing 'GUID: f2fd4d7aa99c94a67a6a137fe979a760 - Path: Packages/com.unity.inputsystem/InputSystem/Editor/Icons/d_Stick@4x.png' with importer (TextureImporter)
Imported 'GUID: f2fd4d7aa99c94a67a6a137fe979a760' -> (Import Result ID: '3addf49306f55ed9236be099bbea3d36') in 0.023 seconds [static and dynamic dependencies]. Details - ImportResultOutputID=a74d8eb9d8bc2526d9153b79db7a42d3 DependenciesID=ce72ff2d06792504f1bad87b0f3d77ff StaticDependenciesID=79f4a8a1f367269f7cfaf0672fb4a35d 
Importing 'GUID: 03c3559bb64164f7785cd1250e475250 - Path: Packages/com.unity.inputsystem/InputSystem/Editor/Icons/d_Stick@3x.png' with importer (TextureImporter)
Imported 'GUID: 03c3559bb64164f7785cd1250e475250' -> (Import Result ID: 'ce58249f3fe0943d85002851e2885919') in 0.020 seconds [static and dynamic dependencies]. Details - ImportResultOutputID=e51bdec02018eff6d9400d73db50bf3b DependenciesID=7bdf4b3d64ee337d6f2eda2aa0d50149 StaticDependenciesID=925ef7f4dc25dde9fb11ca26f2457e75 
Importing 'GUID: 0309256f03c114697813e2296f0a1f18 - Path: Packages/com.unity.inputsystem/InputSystem/Editor/Icons/d_Button.png' with importer (TextureImporter)
Imported 'GUID: 0309256f03c114697813e2296f0a1f18' -> (Import Result ID: '0a62d4bf025d636095822d12d71d7b5b') in 0.014 seconds [static and dynamic dependencies]. Details - ImportResultOutputID=2e757b04c23eb14c4a6cba1955dcf766 DependenciesID=4b37d68c5e861ff887631fbe05421f6e StaticDependenciesID=a9e110961c598f2c3f14849c0a99c1fb 
Importing 'GUID: 13fb345befe624412ac0bd0138d7bcf2 - Path: Packages/com.unity.inputsystem/InputSystem/Editor/Icons/Pen@2x.png' with importer (TextureImporter)
Imported 'GUID: 13fb345befe624412ac0bd0138d7bcf2' -> (Import Result ID: '5e46d75b95bae1643a05d1cb6453965d') in 0.020 seconds [static and dynamic dependencies]. Details - ImportResultOutputID=c09c79e6cbfdc1ebcc73d1df1bede475 DependenciesID=6943b40822eeed1d201c6aa9807d55e1 StaticDependenciesID=b1b218f75e2fed47d3e33308a201da4a 
Importing 'GUID: 33f32142c2c2d4662be5f5274db27158 - Path: Packages/com.unity.inputsystem/InputSystem/Editor/AssetEditor/PackageResources/blue.png' with importer (TextureImporter)
Imported 'GUID: 33f32142c2c2d4662be5f5274db27158' -> (Import Result ID: '692a9b40e17a875a25205ba44097ef5f') in 0.026 seconds [static and dynamic dependencies]. Details - ImportResultOutputID=5823f4aec9a976a1f402f1b06ec67d65 DependenciesID=11d8ece411872f90a7be51ff612ef11f StaticDependenciesID=b7b2befa2ddb21007dc58324346eb14f 
Importing 'GUID: 735ab448bda81490bac50b756bc317a8 - Path: Packages/com.unity.xr.arfoundation/Assets/Textures/Gear@2x.png' with importer (TextureImporter)
Imported 'GUID: 735ab448bda81490bac50b756bc317a8' -> (Import Result ID: 'cc6961ef70504685c5184d473bf89964') in 0.021 seconds [static and dynamic dependencies]. Details - ImportResultOutputID=aba5e32790d0cad3b7b9a3339938e58a DependenciesID=0b59e4acf36028a4fcdbbb3824000103 StaticDependenciesID=94f5be1293cea955f56ebc474cb74e54 
Importing 'GUID: 837129fe064064a0ea8a498d72e05698 - Path: Packages/com.unity.xr.arfoundation/Assets/Textures/Info@2x.png' with importer (TextureImporter)
Imported 'GUID: 837129fe064064a0ea8a498d72e05698' -> (Import Result ID: '9257a2ac5f5ab22a39151cec7bb4c5fe') in 0.024 seconds [static and dynamic dependencies]. Details - ImportResultOutputID=0568792dd218a9e1c353023811b55915 DependenciesID=62c3bae5f5f1fd37b17cb794b6a1acef StaticDependenciesID=8b85b461f18987ae425a6ba6d459b474 
Importing 'GUID: 83438053370c84456a73f7f95ef821fb - Path: Packages/com.unity.inputsystem/InputSystem/Editor/Icons/d_Gamepad@4x.png' with importer (TextureImporter)
Imported 'GUID: 83438053370c84456a73f7f95ef821fb' -> (Import Result ID: 'd774e0c9ca066e31e471dd0539a80d0e') in 0.019 seconds [static and dynamic dependencies]. Details - ImportResultOutputID=2a18fac5cc3d28c847f199dbd6045114 DependenciesID=9560589d78f419a48077d3a7aa06a242 StaticDependenciesID=2f3a4767d014daeddb6a0ed17c2d1935 
Importing 'GUID: 83382fb171da648c594229ca6fa7ad94 - Path: Packages/com.unity.inputsystem/InputSystem/Editor/Icons/d_Keyboard.png' with importer (TextureImporter)
Imported 'GUID: 83382fb171da648c594229ca6fa7ad94' -> (Import Result ID: '77d9c15c223d8de60e06bf509c4859c5') in 0.018 seconds [static and dynamic dependencies]. Details - ImportResultOutputID=a458473983c6dfeb1245bc7a131178b5 DependenciesID=2c4fa2c8f0758fd8937e5817809363a5 StaticDependenciesID=5ef00e24aee0bd182388444daef90131 
Importing 'GUID: a377d1d9197e5184e93545d3fce9c427 - Path: Packages/com.unity.xr.arfoundation/Assets/Textures/Camera Settings@2x.png' with importer (TextureImporter)
Imported 'GUID: a377d1d9197e5184e93545d3fce9c427' -> (Import Result ID: '0868c6955bbdea775a2219ae960b5b28') in 0.024 seconds [static and dynamic dependencies]. Details - ImportResultOutputID=00e3c772c3259aa32c8a83c22e75e7ed DependenciesID=67a6dda533131534a37e4fab62703765 StaticDependenciesID=ca72b8d13590aa1267897591def485d5 
Importing 'GUID: a3fa73829479e4b41965e749fcca7c12 - Path: Packages/com.unity.inputsystem/InputSystem/Editor/Icons/Position@2x.png' with importer (TextureImporter)
Imported 'GUID: a3fa73829479e4b41965e749fcca7c12' -> (Import Result ID: '778c2c322f7452453e6a9b2efad0939a') in 0.024 seconds [static and dynamic dependencies]. Details - ImportResultOutputID=a5f92c7b735b49f46da24d7030788e22 DependenciesID=6de0b41b91d7e43e0b25c0d8a71a89ad StaticDependenciesID=c1a0afa3793eaca6c42fed38aad9f34f 
Importing 'GUID: b30afb642173c7f469ddab60c0c5561a - Path: Packages/com.unity.xr.arfoundation/Editor/Icons/d_ViewEnvironment.png' with importer (TextureImporter)
Imported 'GUID: b30afb642173c7f469ddab60c0c5561a' -> (Import Result ID: '0445a9350867c98b52eda71010a6dbf5') in 0.019 seconds [static and dynamic dependencies]. Details - ImportResultOutputID=e6ef0c655bbee627b21160c69e859cd6 DependenciesID=f0622434637b66040874c47bdfb8c876 StaticDependenciesID=3b7c5632c0595e2c7e44712f74ce7d14 
Importing 'GUID: e3b0f810fdea84e40ab4ba20f256f7e8 - Path: Packages/com.unity.ugui/Editor Resources/Textures/SectionHeader_Light.psd' with importer (TextureImporter)
Imported 'GUID: e3b0f810fdea84e40ab4ba20f256f7e8' -> (Import Result ID: '562c8aba1848bb98afc81cea38a07315') in 0.026 seconds [static and dynamic dependencies]. Details - ImportResultOutputID=5858c06440f0ec933312d5eed261d21c DependenciesID=c81e285061d9520c52138135d8d77ba7 StaticDependenciesID=2765a6e599eb943fa0344b5be432be3a 
Importing 'GUID: e36b1a9f22adf014b86cc28756509ecb - Path: Packages/com.unity.xr.arfoundation/Editor/Icons/ViewEnvironment@2x.png' with importer (TextureImporter)
Imported 'GUID: e36b1a9f22adf014b86cc28756509ecb' -> (Import Result ID: '2bd63f65a63f0e8611874fbf9d44232b') in 0.013 seconds [static and dynamic dependencies]. Details - ImportResultOutputID=3f55ae7ff5a7c75da74bb33e6ec5548a DependenciesID=7d53f9121bccadf1a93ebe675704845c StaticDependenciesID=f4734b24ea2549d28e838c6cbae1353f 
Importing 'GUID: e35cc332c6211ec449f15ac0cb835f78 - Path: Packages/com.unity.xr.arfoundation/Editor/Icons/NoViewEnvironment.png' with importer (TextureImporter)
Imported 'GUID: e35cc332c6211ec449f15ac0cb835f78' -> (Import Result ID: '3ff01913205ab60e2745757d697489b3') in 0.021 seconds [static and dynamic dependencies]. Details - ImportResultOutputID=fc0685473517c51d7dca442635d713a1 DependenciesID=c4272b3b5977a74daaf5e12b84021ca7 StaticDependenciesID=5670ed9e002908b3464bbfe1064a6618 
Importing 'GUID: 34f9452ba2ee14c0b9c976800caef571 - Path: Packages/com.unity.inputsystem/InputSystem/Editor/Icons/d_Axis.png' with importer (TextureImporter)
Imported 'GUID: 34f9452ba2ee14c0b9c976800caef571' -> (Import Result ID: '9e77089394130af3bad118ff448978e8') in 0.013 seconds [static and dynamic dependencies]. Details - ImportResultOutputID=26b60b326dc8af99386cd56a1fc37a88 DependenciesID=2a22a374b855ca44c31a0d688b924229 StaticDependenciesID=7985e662e51ddcc02779f06ef880b8be 
Importing 'GUID: 342a0f8aca7f4f0691338912faec0494 - Path: Packages/com.unity.ugui/Editor Resources/Textures/btn_AlignRight.psd' with importer (TextureImporter)
Imported 'GUID: 342a0f8aca7f4f0691338912faec0494' -> (Import Result ID: '73078b7d899b965569ece285801c3ebf') in 0.026 seconds [static and dynamic dependencies]. Details - ImportResultOutputID=4e9f8a40bc01357ff278e775482e99f9 DependenciesID=2e593d61d4eb410fbf92eb73ed255eac StaticDependenciesID=65930132794480b7fc3056e2c3917602 
Importing 'GUID: 542599ad529004327a7b18f7b2a4aeb8 - Path: Packages/com.unity.inputsystem/InputSystem/Editor/Icons/d_Interactive Binding@3x.png' with importer (TextureImporter)
Imported 'GUID: 542599ad529004327a7b18f7b2a4aeb8' -> (Import Result ID: '83218a3b7ae59e1dcc847c8165682624') in 0.023 seconds [static and dynamic dependencies]. Details - ImportResultOutputID=454d791e138dd917eb0e682bd2271682 DependenciesID=1c76d4a3f54a7985ae15b13f89bc5a9e StaticDependenciesID=2f23a405babd97e0c5d043153b624564 
Importing 'GUID: 64b9fad609434c489c32b1cdf2004a1c - Path: Packages/com.unity.ugui/Editor Resources/Textures/btn_AlignFlush_Light.psd' with importer (TextureImporter)
Imported 'GUID: 64b9fad609434c489c32b1cdf2004a1c' -> (Import Result ID: '7764214cf50534f7f36af12ee48af9c5') in 0.024 seconds [static and dynamic dependencies]. Details - ImportResultOutputID=4672fb9cdeb2be36c6251977202fdd0f DependenciesID=cfaf6423fa0f4a52c169419675d2fc86 StaticDependenciesID=96d26e87e93b3e5d2e9f1cc9e8bf642a 
Importing 'GUID: 74a4a74438cd46a4f816b9f34fe1e709 - Path: Packages/com.unity.xr.arfoundation/Editor/Icons/d_ArrowCaretRight.png' with importer (TextureImporter)
Imported 'GUID: 74a4a74438cd46a4f816b9f34fe1e709' -> (Import Result ID: '6a709a14d0cf525259883f9949c7555f') in 0.021 seconds [static and dynamic dependencies]. Details - ImportResultOutputID=4f5ba6ea726794639c13896e9ed2c7d7 DependenciesID=6ab2a27653035885159da8ea103f4869 StaticDependenciesID=57ce1efd9c7fc739a72412143df8ba41 
Importing 'GUID: 94fa2e214a138425e8afbbe1329e0b55 - Path: Packages/com.unity.inputsystem/InputSystem/Editor/Icons/d_Touch.png' with importer (TextureImporter)
Imported 'GUID: 94fa2e214a138425e8afbbe1329e0b55' -> (Import Result ID: '6e1e9bfb92fbf9eba84f8837b7229850') in 0.020 seconds [static and dynamic dependencies]. Details - ImportResultOutputID=3f7cd476c82bc43825d3bcb251c6c18b DependenciesID=793569782cb747da86dfcaa67ae01305 StaticDependenciesID=5af736e6b5755cbffb1a50ec2e2b15c5 
Importing 'GUID: 943deaaee9c9347e0a455aa208526c42 - Path: Packages/com.unity.inputsystem/InputSystem/Editor/AssetEditor/PackageResources/pro/actionTreeBackgroundWithoutBorder.png' with importer (TextureImporter)
Imported 'GUID: 943deaaee9c9347e0a455aa208526c42' -> (Import Result ID: '7d434fc7e9e314cf81be2febbd620d58') in 0.023 seconds [static and dynamic dependencies]. Details - ImportResultOutputID=136236c4a90c9060753b3874fbb0af8c DependenciesID=5fd11aebc756b8e2e7fc0725f3955c04 StaticDependenciesID=009ca5af96a15a8a119169e76b00806e 
Importing 'GUID: a4610f64a5a4e4625b1ddbd44b04c5a6 - Path: Packages/com.unity.inputsystem/InputSystem/Editor/Icons/Joystick@3x.png' with importer (TextureImporter)
Imported 'GUID: a4610f64a5a4e4625b1ddbd44b04c5a6' -> (Import Result ID: '820a0b750e5d0a57fb827565c62eb04c') in 0.021 seconds [static and dynamic dependencies]. Details - ImportResultOutputID=8af009fe0d77abaa80a4ab090c065372 DependenciesID=be2e3db8740cd1993f35a606d9623b09 StaticDependenciesID=894dc501f3e2d27401c8ab62b0a673d0 
Importing 'GUID: a4d5a38cb01e9c54aa75431f797059cb - Path: Packages/com.unity.inputsystem/InputSystem/Editor/Icons/TrackedPoseDriver.png' with importer (TextureImporter)
Imported 'GUID: a4d5a38cb01e9c54aa75431f797059cb' -> (Import Result ID: '93d1d940a8b56d9a9407824309debda2') in 0.020 seconds [static and dynamic dependencies]. Details - ImportResultOutputID=681171cf57794d1d327af88a310c6740 DependenciesID=1fc9ff6b578a042ded0cbd71138d4ccf StaticDependenciesID=3b290464a6bec88f3f3ecc02482c8d12 
Importing 'GUID: a4bbff684804d4c84b61cd0256cd2360 - Path: Packages/com.unity.inputsystem/InputSystem/Editor/Icons/d_Add Binding.png' with importer (TextureImporter)
Imported 'GUID: a4bbff684804d4c84b61cd0256cd2360' -> (Import Result ID: '1d70f39ccaf7c1a7b968e6a0ca36ae6c') in 0.014 seconds [static and dynamic dependencies]. Details - ImportResultOutputID=edeb66a5057ac255623a5a82334a3de1 DependenciesID=eaa9628bfb4fad5a14f8204eddb6e165 StaticDependenciesID=94146feec77d5781437860d4572a0890 
Importing 'GUID: a43c2c10c85c448b584c8f2840f86915 - Path: Packages/com.unity.inputsystem/InputSystem/Editor/Icons/Position@3x.png' with importer (TextureImporter)
Imported 'GUID: a43c2c10c85c448b584c8f2840f86915' -> (Import Result ID: 'ccd0fca8828571b287788ffb604740c8') in 0.021 seconds [static and dynamic dependencies]. Details - ImportResultOutputID=3e2a75bef3085e9b25d45a3eea079006 DependenciesID=1c5c7b9fb7a25e42a2077755345c5317 StaticDependenciesID=8e3679f4a54a0379b692717884143f56 
Importing 'GUID: a4deca3e01bf64bfc9136f4cb3b41c9f - Path: Packages/com.unity.inputsystem/InputSystem/Editor/Icons/Stick@3x.png' with importer (TextureImporter)
Imported 'GUID: a4deca3e01bf64bfc9136f4cb3b41c9f' -> (Import Result ID: '54fb2312db3338c626bac24d14c9203d') in 0.022 seconds [static and dynamic dependencies]. Details - ImportResultOutputID=f58ad4ee863d3f147f1998fd5785e26b DependenciesID=6fc96ecea30bf3539572e18dace7a1df StaticDependenciesID=d2a323f71c8307e055b90bd438f87bf0 
Importing 'GUID: c4235c4abfa134435bd4c8c1f8fd8c56 - Path: Packages/com.unity.inputsystem/InputSystem/Editor/Icons/d_InputControl@2x.png' with importer (TextureImporter)
Imported 'GUID: c4235c4abfa134435bd4c8c1f8fd8c56' -> (Import Result ID: 'df5b1cf8d462a706164f8ee8f912467e') in 0.021 seconds [static and dynamic dependencies]. Details - ImportResultOutputID=61585b2dfc852bc70082541efb471d0a DependenciesID=eeea95ff540016d38433f3b0622f72b5 StaticDependenciesID=04813e8795a6c93f34190ad169392f0f 
Importing 'GUID: c4b66e31395c54087a2fbc13ae7e0f3c - Path: Packages/com.unity.inputsystem/InputSystem/Editor/AssetEditor/PackageResources/pro/actionTreeBackground.png' with importer (TextureImporter)
Imported 'GUID: c4b66e31395c54087a2fbc13ae7e0f3c' -> (Import Result ID: 'a26b4f47f04da0a6b43f78604dda3fcb') in 0.023 seconds [static and dynamic dependencies]. Details - ImportResultOutputID=777f6ed30c3870a61623018417d00269 DependenciesID=af4b7d268f99d675d702da045b874ac2 StaticDependenciesID=d1f42d810260935356019d0a35fd78ed 
Importing 'GUID: c4f7551c56dfb47a7a105b6579646d2f - Path: Packages/com.unity.inputsystem/InputSystem/Editor/Icons/ChevronUp@4x.png' with importer (TextureImporter)
Imported 'GUID: c4f7551c56dfb47a7a105b6579646d2f' -> (Import Result ID: 'd2df3c04da13882cbb2f8d16c072e41a') in 0.012 seconds [static and dynamic dependencies]. Details - ImportResultOutputID=9fbde1b1a55d1a13654940794542e887 DependenciesID=ea498f6ceb47b80ce4d171f02af4ba6e StaticDependenciesID=0a4d3b51820fb1f0bc4ba15af3df46f2 
Importing 'GUID: e46ad23216d074f828f3437b21912c64 - Path: Packages/com.unity.inputsystem/InputSystem/Editor/Icons/d_ChevronUp@4x.png' with importer (TextureImporter)
Imported 'GUID: e46ad23216d074f828f3437b21912c64' -> (Import Result ID: '04c9f3c28ef9745cb9158d9ee9cd84ba') in 0.013 seconds [static and dynamic dependencies]. Details - ImportResultOutputID=db0be28071074e3ca4914a57882841e1 DependenciesID=9dac65395a9f0876840fba0afa3470bf StaticDependenciesID=d38fa48e97b3679dce841ad7e88fba1a 
Importing 'GUID: e42d949d3f5591c48a800d05c708e4d3 - Path: Packages/com.unity.xr.arfoundation/Editor/Icons/ViewEnvironment.png' with importer (TextureImporter)
Imported 'GUID: e42d949d3f5591c48a800d05c708e4d3' -> (Import Result ID: '222986e9a1e5d1d829467e363fbefbf1') in 0.021 seconds [static and dynamic dependencies]. Details - ImportResultOutputID=defc69d2909a8ee9332d843eaefaa8ac DependenciesID=9d69601886789d36d507fbd56903b20c StaticDependenciesID=6a39c6b77fae02d99ff2b7452070f710 
Importing 'GUID: f4e6ca70dd9734da1a812be882c6364e - Path: Packages/com.unity.inputsystem/InputSystem/Editor/Icons/d_Interactive Binding@4x.png' with importer (TextureImporter)
Imported 'GUID: f4e6ca70dd9734da1a812be882c6364e' -> (Import Result ID: 'd7e772eabbd236cec573d3618d42fffa') in 0.025 seconds [static and dynamic dependencies]. Details - ImportResultOutputID=ec417c7bdf126d5cd8f05f317df303fe DependenciesID=b5a1a9f2f282675c4f1c2fb20e6af8c1 StaticDependenciesID=6f300f2d35d3cfd47f7810adcdaa177e 
Importing 'GUID: 05bbafd21bf3c4cca93cb8ddfbbd4070 - Path: Packages/com.unity.inputsystem/InputSystem/Editor/Icons/Mouse@3x.png' with importer (TextureImporter)
Imported 'GUID: 05bbafd21bf3c4cca93cb8ddfbbd4070' -> (Import Result ID: 'a72b0d51e5e909398458b1fea133b207') in 0.021 seconds [static and dynamic dependencies]. Details - ImportResultOutputID=0ff3d1fe5122ac899bc571715db156cf DependenciesID=dfd4d2e2e04d40be593c23611e39c272 StaticDependenciesID=3bc70805631494357b325f88337de14c 
Importing 'GUID: 153c8e15f7f6c452ca50f6795813ed39 - Path: Packages/com.unity.inputsystem/InputSystem/Editor/Icons/ChevronDown@2x.png' with importer (TextureImporter)
Imported 'GUID: 153c8e15f7f6c452ca50f6795813ed39' -> (Import Result ID: '06553587d9d233cc73097738feefa24a') in 0.013 seconds [static and dynamic dependencies]. Details - ImportResultOutputID=b678cfd3a8c65a396e3a60462a9c7e77 DependenciesID=4b7301e75ca0d8740832e03d42561627 StaticDependenciesID=6285a94ced10f1e8687cb7db1f6eb0e0 
Importing 'GUID: 2552e303d22424da2ad62552efbd06e8 - Path: Packages/com.unity.inputsystem/InputSystem/Editor/Icons/d_Position@2x.png' with importer (TextureImporter)
Imported 'GUID: 2552e303d22424da2ad62552efbd06e8' -> (Import Result ID: '18daa24d3bd8082a092629ae45ef5b84') in 0.020 seconds [static and dynamic dependencies]. Details - ImportResultOutputID=0900459ee85ac81cbdae2321475fd893 DependenciesID=539550f54f832bc61bdb36a9776a431a StaticDependenciesID=f51ac18845f31b3968c1244a8222b438 
Importing 'GUID: 35ff0937876540d3bd4b6a941df62a92 - Path: Packages/com.unity.ugui/Editor Resources/Textures/btn_AlignCenterGeo_Light.psd' with importer (TextureImporter)
Imported 'GUID: 35ff0937876540d3bd4b6a941df62a92' -> (Import Result ID: 'be7432760b519ded85fd642417433872') in 0.027 seconds [static and dynamic dependencies]. Details - ImportResultOutputID=42abf43c865e815a1a335c835a589603 DependenciesID=0817f212bc2edaa4b3ac0af559977a43 StaticDependenciesID=c20f806c71815a69a5f2a30c0cc219ed 
Importing 'GUID: 55040e210fa9b426b861a26909ab4de7 - Path: Packages/com.unity.inputsystem/InputSystem/Editor/Icons/d_Stick.png' with importer (TextureImporter)
Imported 'GUID: 55040e210fa9b426b861a26909ab4de7' -> (Import Result ID: '6d2db2fa1ea0ef76689cda5384a2b58d') in 0.020 seconds [static and dynamic dependencies]. Details - ImportResultOutputID=bcbf268d7618c96b3f574fb79250ead2 DependenciesID=65e4bbf0e81f6e0513f3acbbeb6650e5 StaticDependenciesID=f782f3613247e0cdfa0c5590c1b220dd 
Importing 'GUID: 7543bb6341c2140f292c8c852e7a3bbf - Path: Packages/com.unity.inputsystem/InputSystem/Editor/Icons/Gamepad@4x.png' with importer (TextureImporter)
Imported 'GUID: 7543bb6341c2140f292c8c852e7a3bbf' -> (Import Result ID: '98aa136fd86bb0e95f68b18811452c8d') in 0.023 seconds [static and dynamic dependencies]. Details - ImportResultOutputID=0777dd42a342ddf5b79430cf2a7d2a05 DependenciesID=7dea6889c73da951ebc93bab6c0a6ed2 StaticDependenciesID=798e25338b60405e55d389a8d5f31a74 
Importing 'GUID: 958a10dec4f3a4764bb345b0aa03510b - Path: Packages/com.unity.inputsystem/InputSystem/Editor/Icons/Add Binding.png' with importer (TextureImporter)
Imported 'GUID: 958a10dec4f3a4764bb345b0aa03510b' -> (Import Result ID: '8d5f3d38fd45bcf7eac371bca7017da4') in 0.021 seconds [static and dynamic dependencies]. Details - ImportResultOutputID=128c5e649162a4cb0d0c3c35d63eb6f1 DependenciesID=acdc8175414d920e8245fa112240d69c StaticDependenciesID=be490e8d5845bb6f179d02da2da222da 
Importing 'GUID: c5e76041ab3100f488b9e8122b0d7bff - Path: Packages/com.unity.xr.arfoundation/Editor/Icons/d_ViewEnvironment@2x.png' with importer (TextureImporter)
Imported 'GUID: c5e76041ab3100f488b9e8122b0d7bff' -> (Import Result ID: '58da6285680c1b912acf2e6be05bd26e') in 0.022 seconds [static and dynamic dependencies]. Details - ImportResultOutputID=0961aa76eea1993c1def863931a3524c DependenciesID=cbd95b903c791a82028ba751dc0320e8 StaticDependenciesID=5b33813b708c3b9733fe342fb094fef8 
Importing 'GUID: c5bdeae4dabac4bf19f7a1afcf5ca678 - Path: Packages/com.unity.inputsystem/InputSystem/Editor/Icons/d_Position.png' with importer (TextureImporter)
Imported 'GUID: c5bdeae4dabac4bf19f7a1afcf5ca678' -> (Import Result ID: '6ddc1278255f2bb46d90cd34ce5afbb7') in 0.019 seconds [static and dynamic dependencies]. Details - ImportResultOutputID=d51bbd3d4fb608a87e5259bed718e877 DependenciesID=55ce699d6156415a066ff983e670d424 StaticDependenciesID=36bf05f5c865498feb91980d42745bdd 
Importing 'GUID: c5ef8db4d37ba4c0fb5e17dbb0e044ba - Path: Packages/com.unity.xr.arfoundation/Assets/Textures/SlideToggleBackground@4x.png' with importer (TextureImporter)
Imported 'GUID: c5ef8db4d37ba4c0fb5e17dbb0e044ba' -> (Import Result ID: '7fea6313839ed6dc63433cd088861549') in 0.025 seconds [static and dynamic dependencies]. Details - ImportResultOutputID=58c6d7878a59e68168a1b1e9ee018fae DependenciesID=5b3b28fe2c71d5aa8255d737ef4e7289 StaticDependenciesID=2a3a798f5f327f532276f498c4d8d4c8 
Importing 'GUID: f58c918f135bd4b8abe5fdb06bda7f4d - Path: Packages/com.unity.inputsystem/InputSystem/Editor/Icons/Joystick@4x.png' with importer (TextureImporter)
Imported 'GUID: f58c918f135bd4b8abe5fdb06bda7f4d' -> (Import Result ID: '912b6ad982b4307157cc8303b38f3034') in 0.021 seconds [static and dynamic dependencies]. Details - ImportResultOutputID=d51db6a0472ecbba706eebc6d7940661 DependenciesID=b67ebca2f0f932666b5fedd7859981ed StaticDependenciesID=913786cc103fb3d2b624ce4d980eecdf 
Importing 'GUID: f5ace3d653812436a812bebfe7f9a242 - Path: Packages/com.unity.inputsystem/InputSystem/Editor/Icons/Stick@4x.png' with importer (TextureImporter)
Imported 'GUID: f5ace3d653812436a812bebfe7f9a242' -> (Import Result ID: '77efd9343fb36f5a13237d4b6814b317') in 0.023 seconds [static and dynamic dependencies]. Details - ImportResultOutputID=a3e366761857dc70f8ff978b60f335ff DependenciesID=dadc387edba283ab70cc80b6b2147ef6 StaticDependenciesID=1ea37d74580ab9b7734ec56f6b209e14 
Importing 'GUID: 066619c9c9c84f89acb1b48c11a7efe2 - Path: Packages/com.unity.ugui/Editor Resources/Textures/btn_AlignMiddle_Light.psd' with importer (TextureImporter)
Imported 'GUID: 066619c9c9c84f89acb1b48c11a7efe2' -> (Import Result ID: 'e4aeae4b2c5fa52d23806ba949e9908e') in 0.026 seconds [static and dynamic dependencies]. Details - ImportResultOutputID=f77cce54afa7d63c595faa114df023f3 DependenciesID=8b4fbc00412b6908d7c8619ec6b9d04b StaticDependenciesID=ebcb6f41f121963585b6800ca60774ba 
Importing 'GUID: 061c539269d9b0146a75b5ea86f94dd5 - Path: Packages/com.unity.xr.arfoundation/Editor/Icons/XREnvironment@2x.png' with importer (TextureImporter)
Imported 'GUID: 061c539269d9b0146a75b5ea86f94dd5' -> (Import Result ID: 'e38d321aff40db1174590d0ff48a93ff') in 0.013 seconds [static and dynamic dependencies]. Details - ImportResultOutputID=9d690410adfa352eb33c393129067fb2 DependenciesID=0bab9fca6686a36e860bf19fdc080574 StaticDependenciesID=340994c6b84e0239c9323ad9ad154ddd 
Importing 'GUID: 06ad495fb07444736b59782982d96250 - Path: Packages/com.unity.inputsystem/InputSystem/Editor/Icons/d_ChevronDown.png' with importer (TextureImporter)
Imported 'GUID: 06ad495fb07444736b59782982d96250' -> (Import Result ID: '23982883a51a0b2422fb4d80c55df004') in 0.014 seconds [static and dynamic dependencies]. Details - ImportResultOutputID=4fbc82e9f4d11a088e735523ac176bb4 DependenciesID=857abf9d6aca902190ab286d28f94e0b StaticDependenciesID=b39635556370aa7490199fbb89886702 
Importing 'GUID: 264ffc05d7d2841d5a6065854b6282ca - Path: Packages/com.unity.inputsystem/InputSystem/Editor/Icons/d_Mouse.png' with importer (TextureImporter)
Imported 'GUID: 264ffc05d7d2841d5a6065854b6282ca' -> (Import Result ID: '262d8b0319205ac18c01ecad730d32c3') in 0.022 seconds [static and dynamic dependencies]. Details - ImportResultOutputID=ac4e52853cc0d1c367d94552d8575fb6 DependenciesID=736506b56aa855ad0af6ed36acce1c0d StaticDependenciesID=3f3dcf2d24a3626639e1d7bc8ee526a3 
Importing 'GUID: 5684eb521fa99491e9061de682d1622e - Path: Packages/com.unity.inputsystem/InputSystem/Editor/Icons/Position.png' with importer (TextureImporter)
Imported 'GUID: 5684eb521fa99491e9061de682d1622e' -> (Import Result ID: '4847fbe3c2573851e1083de52eacb040') in 0.022 seconds [static and dynamic dependencies]. Details - ImportResultOutputID=17c3041b44dc2c4c2f94d12fd9abb34c DependenciesID=b0f1c0ccb596cb9d0b1a7e579cb3fbe9 StaticDependenciesID=cb9faa099ace1390dd9ae2d65930da15 
Importing 'GUID: 76dc61ff6c2d84b24b0a2ce01dc2842d - Path: Packages/com.unity.inputsystem/InputSystem/Editor/Icons/d_Gamepad.png' with importer (TextureImporter)
Imported 'GUID: 76dc61ff6c2d84b24b0a2ce01dc2842d' -> (Import Result ID: '60054e31efa8354663f7e4f4dce98162') in 0.022 seconds [static and dynamic dependencies]. Details - ImportResultOutputID=be1cf3c70f442d393fa7b792db84fa14 DependenciesID=db8c96783f9d9c40a6c74e8c67390e8e StaticDependenciesID=75f68ebe3c28d1fb4642258e84d2a833 
Importing 'GUID: 862c5ca31844d4a6d9aa804af982ce65 - Path: Packages/com.unity.inputsystem/InputSystem/Editor/Icons/Add Binding@4x.png' with importer (TextureImporter)
Imported 'GUID: 862c5ca31844d4a6d9aa804af982ce65' -> (Import Result ID: '21a220eded6f544bb85b3a8329a3ff57') in 0.021 seconds [static and dynamic dependencies]. Details - ImportResultOutputID=13ac6add6a3561b4886fd18a7b0ad2fb DependenciesID=607ba9f085cec773401194f90830c0a7 StaticDependenciesID=c3f7ebc6b828f1344a0eaa9c12a7176a 
Importing 'GUID: 96f7582a52a6843c09e0c71617e94f2d - Path: Packages/com.unity.inputsystem/InputSystem/Editor/Icons/d_Pen@2x.png' with importer (TextureImporter)
Imported 'GUID: 96f7582a52a6843c09e0c71617e94f2d' -> (Import Result ID: '7644e96a3c26daa2e4623eebe4968a5e') in 0.019 seconds [static and dynamic dependencies]. Details - ImportResultOutputID=9b44c704782f3627c0ca8a627c8f8c2a DependenciesID=06549b7d66da4797d1713897007fb7c4 StaticDependenciesID=e62b3319d206164383d29c7ebe85772f 
Importing 'GUID: a6f5907f7152f40fa8bc0819e54d4402 - Path: Packages/com.unity.xr.arfoundation/Assets/Textures/Check@2x.png' with importer (TextureImporter)
Imported 'GUID: a6f5907f7152f40fa8bc0819e54d4402' -> (Import Result ID: 'd7b5820d500ba9b9a1e036669e875ae9') in 0.021 seconds [static and dynamic dependencies]. Details - ImportResultOutputID=d46dff4991f2f7f0235e486e9fce6faf DependenciesID=40963ddba483ed1239be9423628f74a3 StaticDependenciesID=33b8ac54d580fbfd314181fb17da8d86 
Importing 'GUID: b60b9eb0384c345c89435d0982a6e4fd - Path: Packages/com.unity.inputsystem/InputSystem/Editor/Icons/d_Dpad.png' with importer (TextureImporter)
Imported 'GUID: b60b9eb0384c345c89435d0982a6e4fd' -> (Import Result ID: '4b59ba10a0592ff5b8b1624ef5762e5a') in 0.014 seconds [static and dynamic dependencies]. Details - ImportResultOutputID=95cfd1408d78eb6dddd6b07e8c505b75 DependenciesID=bcaea8049df91457bf7323ce75c82897 StaticDependenciesID=1bd04c4fca4a27629bdb325e0cecd9a6 
Importing 'GUID: c6efff08094402e42b11a435eb8dc38d - Path: Packages/com.unity.xr.arfoundation/Editor/Icons/d_NoViewEnvironment@2x.png' with importer (TextureImporter)
Imported 'GUID: c6efff08094402e42b11a435eb8dc38d' -> (Import Result ID: '9de6e00eba9d3f4ce9850b08e4f38948') in 0.020 seconds [static and dynamic dependencies]. Details - ImportResultOutputID=e639b8ea96447070f384c219640314e0 DependenciesID=c3426bffdae5bff059e2ff31bb52fc5d StaticDependenciesID=4f6e3b67d9d238d41a44501d06814380 
Importing 'GUID: 0789d3eb021f56c478a96023ad3392a1 - Path: Packages/com.unity.xr.arfoundation/Editor/Icons/d_AddEdit@2x.png' with importer (TextureImporter)
Imported 'GUID: 0789d3eb021f56c478a96023ad3392a1' -> (Import Result ID: 'bf9f7619041266f3602252ae0574660b') in 0.022 seconds [static and dynamic dependencies]. Details - ImportResultOutputID=6aa52da8b247c2ceb71b200b407582a4 DependenciesID=285471de08fa7d2450103971d208797c StaticDependenciesID=efc7986095eb61492342292c04772661 
Importing 'GUID: 17b3fef87d666459d860ad88452862da - Path: Packages/com.unity.inputsystem/InputSystem/Editor/Icons/d_Pen@3x.png' with importer (TextureImporter)
Imported 'GUID: 17b3fef87d666459d860ad88452862da' -> (Import Result ID: '45a09971984c2b580ec323cde57b320a') in 0.013 seconds [static and dynamic dependencies]. Details - ImportResultOutputID=3e94e66de34b0d1fa8bd42616714f7a3 DependenciesID=9adcdfbe653ae84b2ffb23dc6bf59954 StaticDependenciesID=9a4b1f49c80db569d03a44cc06d4932c 
Importing 'GUID: 17c8753d0e5e24194b06404851be7f13 - Path: Packages/com.unity.inputsystem/InputSystem/Editor/Icons/Gamepad.png' with importer (TextureImporter)
Imported 'GUID: 17c8753d0e5e24194b06404851be7f13' -> (Import Result ID: '1b6de35500687a5a7b774830723d842f') in 0.021 seconds [static and dynamic dependencies]. Details - ImportResultOutputID=f18b103e2fe66a0c1e0baf2f926efb87 DependenciesID=8274f8efe1bdd46b644dac6883171180 StaticDependenciesID=ac7d89908a9ebca80b5cdcf327a628d3 
Importing 'GUID: 27163f3cda5b9431d928f2b33eeb5cf1 - Path: Packages/com.unity.inputsystem/InputSystem/Editor/Icons/d_Axis@2x.png' with importer (TextureImporter)
Imported 'GUID: 27163f3cda5b9431d928f2b33eeb5cf1' -> (Import Result ID: 'b3665e42073bf21a35dbcb0fa4105aa7') in 0.012 seconds [static and dynamic dependencies]. Details - ImportResultOutputID=63db7389f67055ea7f8dcf65a31b35bd DependenciesID=83efb85d70db25e5b87552dfbc83208e StaticDependenciesID=d4d4347459de7503257a670b717a7d8d 
Importing 'GUID: 27fa98be5deb54cbf9c11ffc540272b2 - Path: Packages/com.unity.inputsystem/InputSystem/Editor/Icons/d_Joystick@2x.png' with importer (TextureImporter)
Imported 'GUID: 27fa98be5deb54cbf9c11ffc540272b2' -> (Import Result ID: '46f18e2fb6ae14dca737be09fa0b3ee9') in 0.014 seconds [static and dynamic dependencies]. Details - ImportResultOutputID=4de4802857a1060043082672c8feda38 DependenciesID=8e7c7477e1570ac3efb0dd121f3c7e78 StaticDependenciesID=57ff432ccb88738384b3e82a3b15cc0d 
Importing 'GUID: 47cf506b4219343519083fe1c0b8fc9c - Path: Packages/com.unity.inputsystem/InputSystem/Editor/AssetEditor/PackageResources/yellow.png' with importer (TextureImporter)
Imported 'GUID: 47cf506b4219343519083fe1c0b8fc9c' -> (Import Result ID: '05bc47d8f17441f1929da7de04736cf0') in 0.015 seconds [static and dynamic dependencies]. Details - ImportResultOutputID=878d2652ac8f696a6f675f5eb4ba0818 DependenciesID=912f306f9e7eecb4254fe4112e8e2b99 StaticDependenciesID=65c3d580214c842b8931c12d1d4459de 
Importing 'GUID: 57dfdce0eaf2f48a9bd9e60e920e446b - Path: Packages/com.unity.inputsystem/InputSystem/Editor/Icons/ChevronUp@2x.png' with importer (TextureImporter)
Imported 'GUID: 57dfdce0eaf2f48a9bd9e60e920e446b' -> (Import Result ID: '26d355ff1dd37f861c29df6e0625a0df') in 0.016 seconds [static and dynamic dependencies]. Details - ImportResultOutputID=972f0bc0de97deac86b310cef9ad59a1 DependenciesID=c8df4f7e745a1b0d8d2d1fe8ab1de8d0 StaticDependenciesID=866b1d4863de5c1e283e2b547eaa4587 
Importing 'GUID: 87ae93efe5d3b4262995b0acdc987d88 - Path: Packages/com.unity.inputsystem/InputSystem/Editor/Icons/Keyboard@2x.png' with importer (TextureImporter)
Imported 'GUID: 87ae93efe5d3b4262995b0acdc987d88' -> (Import Result ID: 'cf92dc4207dec23de6a1c10b89b84bcc') in 0.021 seconds [static and dynamic dependencies]. Details - ImportResultOutputID=c35c468ed1134544cb47a79f2057095b DependenciesID=8060f1e4046b13ec277a349d781bf3cf StaticDependenciesID=535586667c50637742738c9365546ef8 
Importing 'GUID: 9721efa02e520488d96c36460fe7e4a6 - Path: Packages/com.unity.inputsystem/InputSystem/Editor/Icons/Mouse@2x.png' with importer (TextureImporter)
Imported 'GUID: 9721efa02e520488d96c36460fe7e4a6' -> (Import Result ID: '7c0440e9470c31ef0f583ba6eaac0a7d') in 0.022 seconds [static and dynamic dependencies]. Details - ImportResultOutputID=c9367311083c1ee1ed230325f23d3586 DependenciesID=cc879fd86e9c4982789d833df734910f StaticDependenciesID=c4d23390ab4d74ffd28f3349ab205e23 
Importing 'GUID: a7ec9e7ad8b847b7ae4510af83c5d868 - Path: Packages/com.unity.ugui/Editor Resources/Gizmos/TMP - Dropdown Icon.psd' with importer (TextureImporter)
Imported 'GUID: a7ec9e7ad8b847b7ae4510af83c5d868' -> (Import Result ID: '0519652a1fda2c80e05b45ccf0004ab0') in 0.029 seconds [static and dynamic dependencies]. Details - ImportResultOutputID=1d092266e479a9389aa88f9e8c354cc3 DependenciesID=1de2e333d7c183347bfcf4e04160d45f StaticDependenciesID=d25cf6ffe4de545aadba23a2f6cf5bef 
Importing 'GUID: c76700ea0062413d9f69409b4e9e151b - Path: Packages/com.unity.ugui/Editor Resources/Textures/btn_AlignCenterGeo.psd' with importer (TextureImporter)
Imported 'GUID: c76700ea0062413d9f69409b4e9e151b' -> (Import Result ID: '08e458c9cb2d03b6166c3cc676fd0e8e') in 0.026 seconds [static and dynamic dependencies]. Details - ImportResultOutputID=72aee2cb9476632a70cc794e11679c7f DependenciesID=5467f51baeef858d3faa7464f1bf6f24 StaticDependenciesID=512342258a9094da98cf6d47a54e2f89 
Importing 'GUID: d7b144323984d4298924c65ed071dea1 - Path: Packages/com.unity.inputsystem/InputSystem/Editor/AssetEditor/PackageResources/pink.png' with importer (TextureImporter)
Imported 'GUID: d7b144323984d4298924c65ed071dea1' -> (Import Result ID: '856c37dafc2989f1620df3c657ba1810') in 0.022 seconds [static and dynamic dependencies]. Details - ImportResultOutputID=3642a2dfba591f6bc1f3737a6d948099 DependenciesID=ffe3c0b58c83807f1d6797208dc5e02f StaticDependenciesID=571d41cbb468043193aae53155a3abba 
Importing 'GUID: d7073cfe15a1a48bfb7ff59225052484 - Path: Packages/com.unity.inputsystem/InputSystem/Editor/Icons/Dpad@4x.png' with importer (TextureImporter)
Imported 'GUID: d7073cfe15a1a48bfb7ff59225052484' -> (Import Result ID: '03a8e5910f4ef4574055f339d62fe13e') in 0.013 seconds [static and dynamic dependencies]. Details - ImportResultOutputID=8ed20759462dc41cc988b4c2c69b2b21 DependenciesID=bb891e584cee66f5555f5715c72f5d84 StaticDependenciesID=7f7cb5c0b32c5d9552b2afa4e66d8f4b 
Importing 'GUID: e77ee65b5139048949dc0ac5614efeec - Path: Packages/com.unity.inputsystem/InputSystem/Editor/Icons/d_Touch@3x.png' with importer (TextureImporter)
Imported 'GUID: e77ee65b5139048949dc0ac5614efeec' -> (Import Result ID: 'a7e6fdcc8a1c4163c1f26a2ac690a964') in 0.015 seconds [static and dynamic dependencies]. Details - ImportResultOutputID=3172158f680345f37a100a723d208a97 DependenciesID=f7031aceac418ae672e25c1bee4acc67 StaticDependenciesID=2cb75fd0d79b0e0927bb9e60e6482524 
Importing 'GUID: e76f0489d4db34a2fbc3532e07f2848a - Path: Packages/com.unity.inputsystem/InputSystem/Editor/Icons/Dpad.png' with importer (TextureImporter)
Imported 'GUID: e76f0489d4db34a2fbc3532e07f2848a' -> (Import Result ID: 'd0651decb92ed40fb5a9760d670bed53') in 0.022 seconds [static and dynamic dependencies]. Details - ImportResultOutputID=7900b8fccb5ee3699b731dd8f89d877e DependenciesID=50d1a3e6029dcb660d681fa28aba1ae7 StaticDependenciesID=a011e2a0e24fae39f5b76be5007356b2 
Importing 'GUID: 08c99f7c2a7fa410d8567323e32ad5f5 - Path: Packages/com.unity.inputsystem/InputSystem/Editor/Icons/InputControl@4x.png' with importer (TextureImporter)
Imported 'GUID: 08c99f7c2a7fa410d8567323e32ad5f5' -> (Import Result ID: '2745dc59b1b3263f1af01fbd1fc26fc7') in 0.020 seconds [static and dynamic dependencies]. Details - ImportResultOutputID=4c2f8eb19d478f7495662558eda22cce DependenciesID=eaccf778def8a63b4f6fd3fcbc1d3aa2 StaticDependenciesID=aac495bde3e6dc39de323cdc3ceee894 
Importing 'GUID: 18e45e1f11fae429c80c200cca8e0b4c - Path: Packages/com.unity.inputsystem/InputSystem/Editor/Icons/Joystick@2x.png' with importer (TextureImporter)
Imported 'GUID: 18e45e1f11fae429c80c200cca8e0b4c' -> (Import Result ID: '7f642ff727b2d0bd8339cb2ff6cf9cad') in 0.021 seconds [static and dynamic dependencies]. Details - ImportResultOutputID=f52fb2ba868dc5dfb1baad34868bf995 DependenciesID=e7144dbee4133ccd1c6608454f78f80f StaticDependenciesID=cf5619cb961eea9c1fb4299319f39a8e 
Importing 'GUID: 18775b51e3bd42299fd30bd036ea982f - Path: Packages/com.unity.ugui/Editor Resources/Textures/btn_AlignBaseLine_Light.psd' with importer (TextureImporter)
Imported 'GUID: 18775b51e3bd42299fd30bd036ea982f' -> (Import Result ID: '309722e46f058c5db7ee81e828aa27eb') in 0.027 seconds [static and dynamic dependencies]. Details - ImportResultOutputID=b79d4d30fa756deee11d23370f77ef67 DependenciesID=e4c03fa86008a363d4a7318f93a7f8ea StaticDependenciesID=be23cbe8287b5be74c6e89b19ec95c1e 
Importing 'GUID: 48d034c499ee4697af9dd6e327110249 - Path: Packages/com.unity.ugui/Editor Resources/Textures/btn_AlignTop.psd' with importer (TextureImporter)
Imported 'GUID: 48d034c499ee4697af9dd6e327110249' -> (Import Result ID: '663b33642e3ac7fd575ce092d8d919d4') in 0.024 seconds [static and dynamic dependencies]. Details - ImportResultOutputID=32839be415b4fbc867bb3343129f7ff4 DependenciesID=95e7bcb0a8af67938c2900d07470c65e StaticDependenciesID=6aeaa971d658fb6be4d5c017d0e783cf 
Importing 'GUID: 588041e6f0efb43489b38677e0aac58f - Path: Packages/com.unity.inputsystem/InputSystem/Editor/Icons/Touch.png' with importer (TextureImporter)
Imported 'GUID: 588041e6f0efb43489b38677e0aac58f' -> (Import Result ID: 'a39ed4b96abe825b452caa6354f8f265') in 0.021 seconds [static and dynamic dependencies]. Details - ImportResultOutputID=dd76786cd3c72d4cd4d667d26c7d6f49 DependenciesID=fcfcd11c1e6bc9c6343773367723982a StaticDependenciesID=923a8e76cbc5d319d382b743a060b8e1 
Importing 'GUID: 5881d226463a047cb8db57c9cb0ebc0f - Path: Packages/com.unity.inputsystem/InputSystem/Editor/Icons/Stick@2x.png' with importer (TextureImporter)
Imported 'GUID: 5881d226463a047cb8db57c9cb0ebc0f' -> (Import Result ID: '3a3ff6bab79f71f4e971426d5f41be35') in 0.022 seconds [static and dynamic dependencies]. Details - ImportResultOutputID=f6922d32fb5e3e606f0aaf33ee0f8eac DependenciesID=830a911e0c0e69908e90780e6039f765 StaticDependenciesID=c54c1356158b5a11f951f73756ee1b9c 
Importing 'GUID: 5806833d077654e5784b7cbf3e722f58 - Path: Packages/com.unity.inputsystem/InputSystem/Editor/Icons/Dpad@2x.png' with importer (TextureImporter)
Imported 'GUID: 5806833d077654e5784b7cbf3e722f58' -> (Import Result ID: '7d76d7e99487f7ce8d63d9b236855359') in 0.020 seconds [static and dynamic dependencies]. Details - ImportResultOutputID=502c8c92f628c5f64d6f6c1a3dc0a023 DependenciesID=b19daeab3b69c6452c87da307ef05ad7 StaticDependenciesID=d2407b984bc021f6d5e4a1c97c78d67c 
Importing 'GUID: 585b70cb75dd43efbfead809c30a1731 - Path: Packages/com.unity.ugui/Editor Resources/Textures/btn_AlignBottom_Light.psd' with importer (TextureImporter)
Imported 'GUID: 585b70cb75dd43efbfead809c30a1731' -> (Import Result ID: 'dab0e81f3d519e02eae2227f652ec5bd') in 0.025 seconds [static and dynamic dependencies]. Details - ImportResultOutputID=c0ba537ca5f8b0b712a9e2b6afcf00ee DependenciesID=f15c0fa359b9adfd9dfcd2a26cb3590b StaticDependenciesID=9d0cd4591fe50e628a54133bb729e315 
Importing 'GUID: 9858b8d6bc5e649ca94c5830ec79be14 - Path: Packages/com.unity.xr.arfoundation/Assets/Textures/UnityLogoWhiteRGB.png' with importer (TextureImporter)
Imported 'GUID: 9858b8d6bc5e649ca94c5830ec79be14' -> (Import Result ID: '078f23595dfdc837b3568bb77bafa8a4') in 0.051 seconds [static and dynamic dependencies]. Details - ImportResultOutputID=51390235ffaf6fb3dc8c4d2c22565d50 DependenciesID=a667db626ab371b17cd55bcaf34b1e0f StaticDependenciesID=c8c9e28c98db2eae4ea2c77e8d37d99e 
Importing 'GUID: 985cbca1705a64c80b370afdb30b3ee7 - Path: Packages/com.unity.inputsystem/InputSystem/Editor/Icons/ChevronDown@3x.png' with importer (TextureImporter)
Imported 'GUID: 985cbca1705a64c80b370afdb30b3ee7' -> (Import Result ID: '42120a2700d8fb65a4352012269c181d') in 0.016 seconds [static and dynamic dependencies]. Details - ImportResultOutputID=68be8d7089cef8be8032ebf7b17950d4 DependenciesID=a01c8f83df44357c2dc6c80d47b6b283 StaticDependenciesID=d16610b0f0b0e99a10add23ec10cb7be 
Importing 'GUID: a89bfcdeffde84e7ebf930d44b695435 - Path: Packages/com.unity.inputsystem/InputSystem/Editor/Icons/d_ChevronUp@2x.png' with importer (TextureImporter)
Imported 'GUID: a89bfcdeffde84e7ebf930d44b695435' -> (Import Result ID: 'af99374ffa31cecc0e5f2da2ff93c243') in 0.014 seconds [static and dynamic dependencies]. Details - ImportResultOutputID=6181a67b542c44acb9ccb3566352c66f DependenciesID=9bb50bb738bd9e4484c7d60bbe11211f StaticDependenciesID=6126ffd3398cf6572acd06f074aad8a3 
Importing 'GUID: d88596134c72c47b99d7d55583f4c6bf - Path: Packages/com.unity.inputsystem/InputSystem/Editor/Icons/d_Joystick@4x.png' with importer (TextureImporter)
Imported 'GUID: d88596134c72c47b99d7d55583f4c6bf' -> (Import Result ID: '9fef1db3c3c03524d49ba67a80622393') in 0.020 seconds [static and dynamic dependencies]. Details - ImportResultOutputID=71f1a012cfeea47cb4d3e3bbfe95839f DependenciesID=edcb7379d117166b12b460e11ef5e624 StaticDependenciesID=74fb205b379e95a1ff0510994777230a 
Importing 'GUID: 0962795d1cafc460b9027de55b1c0a80 - Path: Packages/com.unity.inputsystem/InputSystem/Editor/Icons/d_Button@2x.png' with importer (TextureImporter)
Imported 'GUID: 0962795d1cafc460b9027de55b1c0a80' -> (Import Result ID: 'f9b6d1d6007f150f09f150c68f1964da') in 0.011 seconds [static and dynamic dependencies]. Details - ImportResultOutputID=ad9a93decd582080a09bc1ac597a755e DependenciesID=42e708887a11aaaba796542285f09e30 StaticDependenciesID=0b9e01afb343f29fd4f2b7560342e2ef 
Importing 'GUID: 1918e7bff8ff44878a0003977ca03971 - Path: Packages/com.unity.inputsystem/InputSystem/Editor/Icons/d_Mouse@4x.png' with importer (TextureImporter)
Imported 'GUID: 1918e7bff8ff44878a0003977ca03971' -> (Import Result ID: 'eebff6dc385a08a0fcecff09fe984b55') in 0.020 seconds [static and dynamic dependencies]. Details - ImportResultOutputID=cf7e95b5b13d36d515cb426f790edf93 DependenciesID=85c254024f76b8bbcd3bc62fcbad162f StaticDependenciesID=588d6ab269c76dccfb82be84a1f42921 
Importing 'GUID: 29070bec5a5705045bb69c987b6d303b - Path: Packages/com.unity.xr.arfoundation/Editor/Icons/AddEdit.png' with importer (TextureImporter)
Imported 'GUID: 29070bec5a5705045bb69c987b6d303b' -> (Import Result ID: '38aa7c41e07d1492ac8962365942f7b4') in 0.021 seconds [static and dynamic dependencies]. Details - ImportResultOutputID=4793acae7a9ba63de45dd978df02a463 DependenciesID=4b50fd381a488d27c24799b502a2920a StaticDependenciesID=14eeaca0a13b12641a6dba79eb250f34 
Importing 'GUID: 399cd90f4e31041e692a7d3a8b1aa4d0 - Path: Packages/com.unity.inputsystem/InputSystem/Editor/Icons/d_InputControl.png' with importer (TextureImporter)
Imported 'GUID: 399cd90f4e31041e692a7d3a8b1aa4d0' -> (Import Result ID: '1232ca7ccbc401414bc03d90c0129d4e') in 0.021 seconds [static and dynamic dependencies]. Details - ImportResultOutputID=2172bab634629633bf9c86e1baee9625 DependenciesID=2661728a6cd2bc16c32dd2786b7d51a3 StaticDependenciesID=99de6182a2ab687ceaa1517df5934ead 
Importing 'GUID: 49679f302ac6408697f6b9314a38985c - Path: Packages/com.unity.ugui/Editor Resources/Textures/btn_AlignCapLine_Light.psd' with importer (TextureImporter)
Imported 'GUID: 49679f302ac6408697f6b9314a38985c' -> (Import Result ID: '8d1e826f2c86f1741ff52d4a188b072c') in 0.027 seconds [static and dynamic dependencies]. Details - ImportResultOutputID=b40afbb80262103711541ce768c9c967 DependenciesID=ba9c48702e4943999097b7717f403d11 StaticDependenciesID=7d107c7a3b98713080b4cebcc25406a3 
Importing 'GUID: 6971cda678a8e3d44a76793c12ba317d - Path: Packages/com.unity.xr.arfoundation/Editor/Icons/AddEdit@2x.png' with importer (TextureImporter)
Imported 'GUID: 6971cda678a8e3d44a76793c12ba317d' -> (Import Result ID: 'c619c3add1982130eeb7e27d785bbbf2') in 0.022 seconds [static and dynamic dependencies]. Details - ImportResultOutputID=86215c1f6f21163164ed782cb9fa100a DependenciesID=5f1aaebb87afa0b2d1f692e5f77a5e7d StaticDependenciesID=40b3b65f3d0e9ed74b8062d17b5a47f1 
Importing 'GUID: 691475c57a824010be0c6f474caeb7e1 - Path: Packages/com.unity.ugui/Editor Resources/Textures/btn_AlignFlush.psd' with importer (TextureImporter)
Imported 'GUID: 691475c57a824010be0c6f474caeb7e1' -> (Import Result ID: 'e65ac764c15e9e4cf61071e1023fea5b') in 0.024 seconds [static and dynamic dependencies]. Details - ImportResultOutputID=c613369413b407b6ff64265022388b34 DependenciesID=9f04b295a20210cf92546a2ae4224955 StaticDependenciesID=44bdc218b09594db6c32e1acf2f801ae 
Importing 'GUID: a940917cc397643afb071010cb2143d9 - Path: Packages/com.unity.inputsystem/InputSystem/Editor/Icons/Axis@4x.png' with importer (TextureImporter)
Imported 'GUID: a940917cc397643afb071010cb2143d9' -> (Import Result ID: '9a63f33e25cca13c23f6975437469e4d') in 0.020 seconds [static and dynamic dependencies]. Details - ImportResultOutputID=c6d4a083e86708c4c6a4ba7d129848c0 DependenciesID=61fe199724a5c87e2d19f795867e44af StaticDependenciesID=35f7f59e16f1fac83c806f7536148b81 
Importing 'GUID: a9fe7c3d19af4432b9ae2a5172f4ea72 - Path: Packages/com.unity.inputsystem/InputSystem/Editor/Icons/ChevronUp.png' with importer (TextureImporter)
Imported 'GUID: a9fe7c3d19af4432b9ae2a5172f4ea72' -> (Import Result ID: 'd991c1d872e9e84e52c3df15d0feec56') in 0.021 seconds [static and dynamic dependencies]. Details - ImportResultOutputID=fa5cd1f2407559aecd4f249105933cbf DependenciesID=ad90a5a6fd52d916c85d3915afbbc41e StaticDependenciesID=bd78132606ace9c8726b3cd919997f76 
Importing 'GUID: c933c2bcad7ef46309fde7c1cf11b39a - Path: Packages/com.unity.inputsystem/InputSystem/Editor/Icons/d_Orientation.png' with importer (TextureImporter)
Imported 'GUID: c933c2bcad7ef46309fde7c1cf11b39a' -> (Import Result ID: '54085c58ec6565c0f68ed3bf72aecff6') in 0.020 seconds [static and dynamic dependencies]. Details - ImportResultOutputID=5c627f71e60245708e90e0f689b7b534 DependenciesID=0f908f4ca0a9c989088457fad5ce3d43 StaticDependenciesID=bb2d8eabb61bc56a01303855e9b9f276 
Importing 'GUID: c998b283038914e699477f514ecb31ac - Path: Packages/com.unity.inputsystem/InputSystem/Editor/Icons/Position@4x.png' with importer (TextureImporter)
Imported 'GUID: c998b283038914e699477f514ecb31ac' -> (Import Result ID: '877185fc9137e4df365f1ae74cd3759d') in 0.021 seconds [static and dynamic dependencies]. Details - ImportResultOutputID=fcf1af58d84069a86e736f9e88507353 DependenciesID=d8a976b0eaa0ea631b07089987a47993 StaticDependenciesID=27fa10019c9fcdefe714a4a07ed2cf44 
Importing 'GUID: c9af5712572b1524e9b536ffbd70a233 - Path: Packages/com.unity.xr.arfoundation/Editor/Icons/d_ArrowCaretRight@2x.png' with importer (TextureImporter)
Imported 'GUID: c9af5712572b1524e9b536ffbd70a233' -> (Import Result ID: 'c94c5dfb01d0d8ae8efdcf8964896bb7') in 0.013 seconds [static and dynamic dependencies]. Details - ImportResultOutputID=9a67cdb60742d0fd785f4071612a7872 DependenciesID=ba11eef779d2bc8e95365065c14e0c0b StaticDependenciesID=3bd432f03d9ae266d4cde5b6e5b75a83 
Importing 'GUID: e97cf8a0d8468264083882a7003bddb0 - Path: Packages/com.unity.xr.arfoundation/Editor/Icons/d_XREnvironment.png' with importer (TextureImporter)
Imported 'GUID: e97cf8a0d8468264083882a7003bddb0' -> (Import Result ID: 'f97a5d0c436d795e14b489be0b27d239') in 0.021 seconds [static and dynamic dependencies]. Details - ImportResultOutputID=734cd3e72b675db33b5953787ee107dd DependenciesID=adbd423eacc37cae6cba4b43ec52f83f StaticDependenciesID=5457b723a2743ba30a508dd35a18dc6d 
Importing 'GUID: f9e6c3c24567041519cd7c6b24abb3fb - Path: Packages/com.unity.xr.arcore/Tests/Editor/Assets/two.png' with importer (TextureImporter)
Imported 'GUID: f9e6c3c24567041519cd7c6b24abb3fb' -> (Import Result ID: '8f77cba622d921d291b312f8c777b490') in 0.033 seconds [static and dynamic dependencies]. Details - ImportResultOutputID=beb6195505529712cd0d67e62666069d DependenciesID=db8fe5ce797d9e996831b4a60c98c5dc StaticDependenciesID=8c3cc3a75a3a0766e2b92f30f1d4f7db 
Importing 'GUID: 0aec7c7bf99354f66bc2a1d18bd0b4d2 - Path: Packages/com.unity.inputsystem/InputSystem/Editor/Icons/d_Pen@4x.png' with importer (TextureImporter)
Imported 'GUID: 0aec7c7bf99354f66bc2a1d18bd0b4d2' -> (Import Result ID: '5be34bee132c0e6bb35081d00c6402d3') in 0.015 seconds [static and dynamic dependencies]. Details - ImportResultOutputID=f924cec42b135488a69ff94310c85495 DependenciesID=ae2a1dcc650ef108f700d34dd4b07997 StaticDependenciesID=b4770ee8eeb237bcd79cd6b66234e0f5 
Importing 'GUID: 2a5d0a7febdc741039abf135883517e5 - Path: Packages/com.unity.inputsystem/InputSystem/Editor/Icons/Button.png' with importer (TextureImporter)
Imported 'GUID: 2a5d0a7febdc741039abf135883517e5' -> (Import Result ID: '6e65af24bb18bb08988d57f09a124c1e') in 0.021 seconds [static and dynamic dependencies]. Details - ImportResultOutputID=b37561cab990f20db05af80cc33c748c DependenciesID=0493daf2281e903eba06606a3116c249 StaticDependenciesID=001a4df08c8f4fd7db94cc00aed1fad4 
Importing 'GUID: 4ae0b2f68c2464272b1b10105262b09b - Path: Packages/com.unity.inputsystem/InputSystem/Editor/Icons/Gamepad@3x.png' with importer (TextureImporter)
Imported 'GUID: 4ae0b2f68c2464272b1b10105262b09b' -> (Import Result ID: 'e37d49a372aa0b5efbfa617cad0b5587') in 0.021 seconds [static and dynamic dependencies]. Details - ImportResultOutputID=fbd7cd21fc735448421366d66ae3791e DependenciesID=550bde92a8dd0c77932012c2be90de24 StaticDependenciesID=6b47fc4a67446bc7493a52e0449d9e8d 
Importing 'GUID: 4a0ce0eda6ee74c669b13104649e1313 - Path: Packages/com.unity.inputsystem/InputSystem/Editor/Icons/d_Add Binding@4x.png' with importer (TextureImporter)
Imported 'GUID: 4a0ce0eda6ee74c669b13104649e1313' -> (Import Result ID: '6bc3b0dd75500de933c69d5eb70e8e57') in 0.021 seconds [static and dynamic dependencies]. Details - ImportResultOutputID=a9ff2e3a242cb4c67ea0855d853beb86 DependenciesID=3d96af92a5dc2aaefed6ab98166d92d1 StaticDependenciesID=ae43d8961b8bbf908d9bb7dc87034bf5 
Importing 'GUID: 5ab69704aa4984b49bc426da72fabbed - Path: Packages/com.unity.inputsystem/InputSystem/Editor/AssetEditor/PackageResources/personal/foldoutBackground.png' with importer (TextureImporter)
Imported 'GUID: 5ab69704aa4984b49bc426da72fabbed' -> (Import Result ID: 'd3d99b3a44592f3f3d0bd5be99226899') in 0.022 seconds [static and dynamic dependencies]. Details - ImportResultOutputID=ccc9e5792899f9b083cbc83c57c85f47 DependenciesID=0e1cd48a7e12eb5fa9fd614aa64f6cb8 StaticDependenciesID=910f54e1e9da455a2e02690bedd51d61 
Importing 'GUID: 5a5b9538c3aaa4587856e68a93a92a51 - Path: Packages/com.unity.inputsystem/InputSystem/Editor/Icons/Keyboard.png' with importer (TextureImporter)
Imported 'GUID: 5a5b9538c3aaa4587856e68a93a92a51' -> (Import Result ID: 'f93da776fa032cffbd715505f6899031') in 0.021 seconds [static and dynamic dependencies]. Details - ImportResultOutputID=a846675b1a1384a9da2146f68ad697a4 DependenciesID=9e64e8d6317b37d3022b4adaa19a6954 StaticDependenciesID=7092b72da1334891c521b148119b4b31 
Importing 'GUID: 6a237171e2346e3458db37eb0f90d42b - Path: Packages/com.unity.inputsystem/InputSystem/Editor/Icons/MultiplayerEventSystem@64.png' with importer (TextureImporter)
Imported 'GUID: 6a237171e2346e3458db37eb0f90d42b' -> (Import Result ID: 'bfdf90d3d338768f4ac98314331fdaa4') in 0.023 seconds [static and dynamic dependencies]. Details - ImportResultOutputID=9385d1f3533a29639b4044ba5e1bbdc0 DependenciesID=5ccc5229dd8ac69c9794543ea8edc765 StaticDependenciesID=ca386162c7af469872930dc19f7d4f47 
Importing 'GUID: 6ace62d30f494c948b71d5594afce11d - Path: Packages/com.unity.ugui/Editor Resources/Textures/btn_AlignCenter_Light.psd' with importer (TextureImporter)
Imported 'GUID: 6ace62d30f494c948b71d5594afce11d' -> (Import Result ID: '5f81737f126241aada9471d1bb7cc183') in 0.025 seconds [static and dynamic dependencies]. Details - ImportResultOutputID=bc7c1c85970df28fcabf973c81deeb88 DependenciesID=c3c3b64d2d27d97e36b97d891ea576a4 StaticDependenciesID=6ce039aade2d172e1c333e1bf386b43e 
Importing 'GUID: 9ad5d5b6a25b749e78b4950eae0a8ec2 - Path: Packages/com.unity.inputsystem/InputSystem/Editor/Icons/Touch@3x.png' with importer (TextureImporter)
Imported 'GUID: 9ad5d5b6a25b749e78b4950eae0a8ec2' -> (Import Result ID: 'e9c90ff9e94ea5992e4f21fbbbf9f848') in 0.024 seconds [static and dynamic dependencies]. Details - ImportResultOutputID=aec7b5abda98ef7de25f11a4b90a0bca DependenciesID=2807790f92885a6704d2ab5748ef4f4e StaticDependenciesID=bc206df91e3f7e59e682cf882c9d6692 
Importing 'GUID: aa356632480554016ab8f4200032981b - Path: Packages/com.unity.inputsystem/InputSystem/Editor/Icons/Button@4x.png' with importer (TextureImporter)
Imported 'GUID: aa356632480554016ab8f4200032981b' -> (Import Result ID: 'cdab781620d6d713256cf100b3015a1b') in 0.020 seconds [static and dynamic dependencies]. Details - ImportResultOutputID=5a4b05d421d1b42fd50adf15802b1154 DependenciesID=e4db380e654969b0482e180ed0a367b5 StaticDependenciesID=ed7ce1559111f605ae216920e7fd3ef5 
Importing 'GUID: aa4c2360f910d46f497f75b4b6677358 - Path: Packages/com.unity.inputsystem/InputSystem/Editor/AssetEditor/PackageResources/personal/propertiesBackground.png' with importer (TextureImporter)
Imported 'GUID: aa4c2360f910d46f497f75b4b6677358' -> (Import Result ID: '4c84f54301e2ffee3156615d1ef1f40e') in 0.023 seconds [static and dynamic dependencies]. Details - ImportResultOutputID=4474c0fab0bd45c9a4cc76f5cf735c30 DependenciesID=58f344864fa97ba134fcbc14fb30f2e1 StaticDependenciesID=d5ab76a9adb6aea7e1a652385404d602 
Importing 'GUID: ba304f5556a3a4fac98d126883083e7e - Path: Packages/com.unity.inputsystem/InputSystem/Editor/Icons/ChevronDown.png' with importer (TextureImporter)
Imported 'GUID: ba304f5556a3a4fac98d126883083e7e' -> (Import Result ID: '9888843e1c7e74454127b05095d4283d') in 0.023 seconds [static and dynamic dependencies]. Details - ImportResultOutputID=f08af03db3054a578f39e7f19f59113a DependenciesID=6b36a2bf11fce09ca7c0aedeba08b11a StaticDependenciesID=41d5550fe606fb84c643796ce99f3b46 
Importing 'GUID: ca51b19024094d1b87f3e07edb0a75fb - Path: Packages/com.unity.ugui/Editor Resources/Textures/btn_AlignBottom.psd' with importer (TextureImporter)
Imported 'GUID: ca51b19024094d1b87f3e07edb0a75fb' -> (Import Result ID: '4dc419b6dc8e3abeb35d23a5bb140dbb') in 0.025 seconds [static and dynamic dependencies]. Details - ImportResultOutputID=a0c1f186defb5f2aae7340b134ce0aa4 DependenciesID=bb35a5e07e94bf980cac1e629a36f6f4 StaticDependenciesID=7a62c9f3749049c4c872ef42bb344c0f 
Importing 'GUID: ca933a91c81734ddd88b17c8481ec1e9 - Path: Packages/com.unity.inputsystem/InputSystem/Editor/Icons/d_Add Binding@3x.png' with importer (TextureImporter)
Imported 'GUID: ca933a91c81734ddd88b17c8481ec1e9' -> (Import Result ID: 'dbb27cf535c94b2991b332b38dc08354') in 0.022 seconds [static and dynamic dependencies]. Details - ImportResultOutputID=6d0fa9d76ce56c5f85314eeb0958fd12 DependenciesID=a89f9736a4e9b5c85d4f0047786e3bcc StaticDependenciesID=93bc24018ac40d576109587013ddc1be 
Importing 'GUID: cac8742b1b72b44699fd1663287ca47d - Path: Packages/com.unity.inputsystem/InputSystem/Editor/Icons/Interactive Binding@3x.png' with importer (TextureImporter)
Imported 'GUID: cac8742b1b72b44699fd1663287ca47d' -> (Import Result ID: '5448c28f9265888ac470ff4bef3652b5') in 0.023 seconds [static and dynamic dependencies]. Details - ImportResultOutputID=6277066475286c2119c04912e23bd342 DependenciesID=f9cf4fe6658235109f124fe98e87b74c StaticDependenciesID=723d1f9836fbb196299f18d9e4368ac8 
Importing 'GUID: cae83450c8b18499c8c0239edf8bcc31 - Path: Packages/com.unity.inputsystem/InputSystem/Editor/Icons/d_Orientation@2x.png' with importer (TextureImporter)
Imported 'GUID: cae83450c8b18499c8c0239edf8bcc31' -> (Import Result ID: '18b3b5620ea5a27f7c5e85ea17f3525c') in 0.014 seconds [static and dynamic dependencies]. Details - ImportResultOutputID=f03ac7cb60daf588ff812daeee51df86 DependenciesID=b58b041dc2c6f94a241170dc5c8c9e89 StaticDependenciesID=2176f8a1a693af2f6984480818f40d6c 
Importing 'GUID: daa9ba527d8a34b218224b8287ce11d3 - Path: Packages/com.unity.inputsystem/InputSystem/Editor/Icons/d_Mouse@2x.png' with importer (TextureImporter)
Imported 'GUID: daa9ba527d8a34b218224b8287ce11d3' -> (Import Result ID: 'd5a0d530e4a2030d1f11bffbb4d148ca') in 0.021 seconds [static and dynamic dependencies]. Details - ImportResultOutputID=a11bb7c02ea24dbdccbc337b39b7d8fa DependenciesID=9290f8295d7a9eeb1897324d64be63b3 StaticDependenciesID=7e5a2fbaae48d9e6b575fc8741ef2c4f 
Importing 'GUID: ea8b7319643924985a9ee4ca18b8db59 - Path: Packages/com.unity.inputsystem/InputSystem/Editor/Icons/Pen.png' with importer (TextureImporter)
Imported 'GUID: ea8b7319643924985a9ee4ca18b8db59' -> (Import Result ID: 'ffd201d938d6febf90dd27dd2674a330') in 0.021 seconds [static and dynamic dependencies]. Details - ImportResultOutputID=b50ee02398c65b2afdeb323780312abc DependenciesID=a731371a57c190cc7cd2838054594148 StaticDependenciesID=eee4030d43e85ab58267ae9ce9a5d583 
Importing 'GUID: fa6bd40a216346b783a4cce741d277a5 - Path: Packages/com.unity.ugui/Editor Resources/Textures/btn_AlignJustified_Light.psd' with importer (TextureImporter)
Imported 'GUID: fa6bd40a216346b783a4cce741d277a5' -> (Import Result ID: 'c38f5cc43f822f4b9fb75c56d1f067bf') in 0.027 seconds [static and dynamic dependencies]. Details - ImportResultOutputID=a3a280609257f85b23aa28d1d6da0790 DependenciesID=1b5ed7d7a69e5597958fdba4b0bb7704 StaticDependenciesID=d57b575d93ec8dcf432dceb2dd80643e 
Importing 'GUID: 1bf9cdd4bc492489c8c7c6190785fc48 - Path: Packages/com.unity.inputsystem/InputSystem/Editor/Icons/Pen@3x.png' with importer (TextureImporter)
Imported 'GUID: 1bf9cdd4bc492489c8c7c6190785fc48' -> (Import Result ID: 'b8cbe7727f5d22cd74f722ccc0168c7e') in 0.021 seconds [static and dynamic dependencies]. Details - ImportResultOutputID=d8419c1636d1454cbd6e61d09a134326 DependenciesID=5ce88badbd8b74aec5a3b38db6242b93 StaticDependenciesID=764a6bd18d450fae0c60a2836df1af2f 
Importing 'GUID: 3b78dc1763429489c9a1c70faf4f9a0e - Path: Packages/com.unity.inputsystem/InputSystem/Editor/Icons/d_Interactive Binding@2x.png' with importer (TextureImporter)
Imported 'GUID: 3b78dc1763429489c9a1c70faf4f9a0e' -> (Import Result ID: '1a1aa5a77bcca3c8cb4eea6ba34fe0c2') in 0.024 seconds [static and dynamic dependencies]. Details - ImportResultOutputID=44b5649e4f0b19fd85f2824ac94f8442 DependenciesID=556fd4399fb17429cb128ea640971ae7 StaticDependenciesID=f7508393637039d0146d94d3ee38fc15 
Importing 'GUID: 6be7b41b0e976514cad47f3eb7b2b6a1 - Path: Packages/com.unity.xr.arfoundation/Editor/Icons/ArrowCaretLeft.png' with importer (TextureImporter)
Imported 'GUID: 6be7b41b0e976514cad47f3eb7b2b6a1' -> (Import Result ID: 'f84652dbe8f9528fd12767eea96c1632') in 0.022 seconds [static and dynamic dependencies]. Details - ImportResultOutputID=43992c1088dbaecd5f2cd3e08e61e82b DependenciesID=4c47d4415f2b75459dcd08f3725e86a4 StaticDependenciesID=d6b88b5bb72bce649d270885b482d9b1 
Importing 'GUID: 7b8bfaee8f8631c4789ac62373cbc2d4 - Path: Packages/com.unity.inputsystem/InputSystem/Editor/Icons/TrackedPoseDriver@4x.png' with importer (TextureImporter)
Imported 'GUID: 7b8bfaee8f8631c4789ac62373cbc2d4' -> (Import Result ID: '8d47972b13ae36a2c9bd8c39a3db0705') in 0.023 seconds [static and dynamic dependencies]. Details - ImportResultOutputID=a5b4bb20adc03802b7259037f883832c DependenciesID=1c19a65e624381947aa0c978d0339752 StaticDependenciesID=7884f1a48dfaec7e323e7e523dafadbb 
Importing 'GUID: 8be1fbf4b24de44c99840805bdae9e40 - Path: Packages/com.unity.inputsystem/InputSystem/Editor/Icons/Add Binding@3x.png' with importer (TextureImporter)
Imported 'GUID: 8be1fbf4b24de44c99840805bdae9e40' -> (Import Result ID: '202c12a25047a579c2fe31eb8f24e527') in 0.021 seconds [static and dynamic dependencies]. Details - ImportResultOutputID=d27ea599b946e8d1b520d8f5aea8770a DependenciesID=96c5c0b7ce24175ec3c0d9ae1d1120bd StaticDependenciesID=c38b581f0ec4e019bc7af4e247782a3c 
Importing 'GUID: 8bc445bb79654bf496c92d0407840a92 - Path: Packages/com.unity.ugui/Editor Resources/Textures/btn_AlignBaseLine.psd' with importer (TextureImporter)
Imported 'GUID: 8bc445bb79654bf496c92d0407840a92' -> (Import Result ID: '9d9df938a494d0d53c771206ee3d16ae') in 0.025 seconds [static and dynamic dependencies]. Details - ImportResultOutputID=1da4b4321201c9fc120c4b5d6d0da406 DependenciesID=31c98eee5676ab484854c0dd19a913a4 StaticDependenciesID=9e77ebaf615f0af468340136b971e6fd 
Importing 'GUID: ab9b5824ece1d443aa1f3a5672d9da86 - Path: Packages/com.unity.inputsystem/InputSystem/Editor/Icons/d_Dpad@2x.png' with importer (TextureImporter)
Imported 'GUID: ab9b5824ece1d443aa1f3a5672d9da86' -> (Import Result ID: '8048ae277e64d17f98eceef5771c77b7') in 0.016 seconds [static and dynamic dependencies]. Details - ImportResultOutputID=29dccbffed0b349e8c2bea87cd91540d DependenciesID=311d8a810b9f201e5d231592dce0d544 StaticDependenciesID=4b24dd2d547a331f7fd78bb015121a0f 
Importing 'GUID: bb42b2d967d6427983c901a4ffc8ecd9 - Path: Packages/com.unity.ugui/Editor Resources/Textures/btn_AlignMidline_Light.psd' with importer (TextureImporter)
Imported 'GUID: bb42b2d967d6427983c901a4ffc8ecd9' -> (Import Result ID: 'fcd84a9069dbc361d38adde5a95ada7c') in 0.026 seconds [static and dynamic dependencies]. Details - ImportResultOutputID=f9f6f7e8bc558f0880ae54f7db5a27b0 DependenciesID=e139291dbbf067b633546eaeb535c464 StaticDependenciesID=793c8764f168dd2924c82463e6ac067a 
Importing 'GUID: bb42fb9342e9d4e68b6cf39a2e071d9b - Path: Packages/com.unity.inputsystem/InputSystem/Editor/Icons/d_Pen.png' with importer (TextureImporter)
Imported 'GUID: bb42fb9342e9d4e68b6cf39a2e071d9b' -> (Import Result ID: 'fd2f1f8766bed440a6fb92cb55be0aab') in 0.023 seconds [static and dynamic dependencies]. Details - ImportResultOutputID=54b2926116902cfef4acf1ae6ed51360 DependenciesID=bbeb2e8a6b353ca4ffaf8c3f75d8c088 StaticDependenciesID=30a62b71e65d92b03432ad4f5576d0c8 
Importing 'GUID: bb5fa99d6e9434c9ebf101c956021ee1 - Path: Packages/com.unity.inputsystem/InputSystem/Editor/Icons/Add Binding@2x.png' with importer (TextureImporter)
Imported 'GUID: bb5fa99d6e9434c9ebf101c956021ee1' -> (Import Result ID: '98f2a2d4a4b6c5372ea0fa17e51903c9') in 0.022 seconds [static and dynamic dependencies]. Details - ImportResultOutputID=09f7a64d7d975baf4c11555e717571e6 DependenciesID=2687eeea1f160747205ac5d0f530adca StaticDependenciesID=716db5475eb137380a80151d421c693d 
Importing 'GUID: cb09035d41f4b43b7bd4f62030163d77 - Path: Packages/com.unity.xr.arfoundation/Assets/Textures/FeaturePoint.png' with importer (TextureImporter)
Imported 'GUID: cb09035d41f4b43b7bd4f62030163d77' -> (Import Result ID: '24e13a7257b99317a2708e2f884b7fe4') in 0.021 seconds [static and dynamic dependencies]. Details - ImportResultOutputID=df02135f1e506fcc31c832002c61f641 DependenciesID=876bea8e9c9a44c8f5557743bfd72217 StaticDependenciesID=0ffb12b6faefc35a6d876462df7c0785 
Importing 'GUID: db3dc7a02ac6d4e90bbe905a44ac265b - Path: Packages/com.unity.inputsystem/InputSystem/Editor/Icons/d_Button@4x.png' with importer (TextureImporter)
Imported 'GUID: db3dc7a02ac6d4e90bbe905a44ac265b' -> (Import Result ID: '93bebf276a6815660e5cc213b3b608dd') in 0.015 seconds [static and dynamic dependencies]. Details - ImportResultOutputID=227df33a80eae818b5f5b16335072eaf DependenciesID=428c5aa3d9622634f8a51aa348cd07fc StaticDependenciesID=e4bb497d67151b6d097a44a6a7cd9141 
Importing 'GUID: eb28fd64eacfa495c97193108f1cdf03 - Path: Packages/com.unity.inputsystem/InputSystem/Editor/Icons/d_Interactive Binding.png' with importer (TextureImporter)
Imported 'GUID: eb28fd64eacfa495c97193108f1cdf03' -> (Import Result ID: 'c1a10c885b0b4c707833a6873082aee9') in 0.020 seconds [static and dynamic dependencies]. Details - ImportResultOutputID=62ffa39a211ca27b9aa1c6ef6b2a8719 DependenciesID=5d0b3397379220d41d538a0102dfac63 StaticDependenciesID=2e89c86cb9da6c988241b42dfb7c13fc 
Importing 'GUID: fb5730e24283d0c489e5c7d0bee023d9 - Path: Packages/com.unity.ugui/Editor Resources/Textures/SectionHeader_Dark.psd' with importer (TextureImporter)
Imported 'GUID: fb5730e24283d0c489e5c7d0bee023d9' -> (Import Result ID: '6033977a08dbae95477d5017c209370a') in 0.025 seconds [static and dynamic dependencies]. Details - ImportResultOutputID=46afcc5bb4c6333eef3173c7cc2fab55 DependenciesID=ed2d61df58fa1ae3c09806e27dcdc1ef StaticDependenciesID=99bc241f7e2a94c70be8fb85441f2221 
Importing 'GUID: 1c751eb104ad5407992e614361d5f81e - Path: Packages/com.unity.inputsystem/InputSystem/Editor/Icons/Orientation@4x.png' with importer (TextureImporter)
Imported 'GUID: 1c751eb104ad5407992e614361d5f81e' -> (Import Result ID: 'a534bf387ff77a60c2f5df193e6301af') in 0.022 seconds [static and dynamic dependencies]. Details - ImportResultOutputID=9a20d8305059a47fd38e1916f559ed53 DependenciesID=087773598a531ddbbcc5ed88a4998432 StaticDependenciesID=bfd4672ca9da45b45d9f017085027bcf 
Importing 'GUID: 1c37f00575bd6494ea726be5afee89b9 - Path: Packages/com.unity.inputsystem/InputSystem/Editor/Icons/Button@2x.png' with importer (TextureImporter)
Imported 'GUID: 1c37f00575bd6494ea726be5afee89b9' -> (Import Result ID: '14713ded004343909d5b8a6ba40e94ab') in 0.021 seconds [static and dynamic dependencies]. Details - ImportResultOutputID=22662b14166576a68e0761d9d143a261 DependenciesID=7a62ffee020cedb29cb710a8cb46fef8 StaticDependenciesID=6dd9df277a3ebdd23e7282025549d0c6 
Importing 'GUID: 3c17fee51ce6c394e936fd30873e741e - Path: Packages/com.unity.xr.arfoundation/Editor/Icons/d_AddEdit.png' with importer (TextureImporter)
Imported 'GUID: 3c17fee51ce6c394e936fd30873e741e' -> (Import Result ID: '92ab1f8fd9c82e3a3f6291c562a481bd') in 0.021 seconds [static and dynamic dependencies]. Details - ImportResultOutputID=b7f7a6ef60ce0a73c6a5aa2c19fa6f50 DependenciesID=fc8a7eabe62d42c53e3d16a53dde9721 StaticDependenciesID=0227b50e1a5533bd0ced80dcba90201d 
Importing 'GUID: 6c1147159d9dc42948601b29dfc9a40c - Path: Packages/com.unity.inputsystem/InputSystem/Editor/Icons/Dpad@3x.png' with importer (TextureImporter)
Imported 'GUID: 6c1147159d9dc42948601b29dfc9a40c' -> (Import Result ID: '3b75d3a8bc90f38b5875d04cee87272e') in 0.013 seconds [static and dynamic dependencies]. Details - ImportResultOutputID=7f1d0f0bbb99175c2ee69f62d956e44f DependenciesID=6d5e03a6387b4f2f92541225c0d48137 StaticDependenciesID=b27ae93026f7a71a9a3aa4e5913ca9f8 
Importing 'GUID: 6c411504a8c1e40c4aa19423033e6dd2 - Path: Packages/com.unity.xr.arfoundation/Assets/Textures/IconBackgroundCircleFill@2x.png' with importer (TextureImporter)
Imported 'GUID: 6c411504a8c1e40c4aa19423033e6dd2' -> (Import Result ID: '698732afc6296331006c6eac33a6a0a1') in 0.017 seconds [static and dynamic dependencies]. Details - ImportResultOutputID=2a8bd8487ae453068f24446ff663431e DependenciesID=f221d4e4cc996dfbbcde7976dbea07a3 StaticDependenciesID=aa88028e3bfe61047a51803b46051d01 
Importing 'GUID: acf10446fff184bb98db6350c2c43148 - Path: Packages/com.unity.inputsystem/InputSystem/Editor/Icons/Pen@4x.png' with importer (TextureImporter)
Imported 'GUID: acf10446fff184bb98db6350c2c43148' -> (Import Result ID: '49137033aadac76cfa66d430be93ad16') in 0.022 seconds [static and dynamic dependencies]. Details - ImportResultOutputID=e7419c324daf8260df7b0b4510ae68d9 DependenciesID=fd40a9905e73b10c752ec4be6fb3c28d StaticDependenciesID=fb543a26494d5537751a1cd2f265d979 
Importing 'GUID: ac4c5ccb2785f4460b2dcfe47010c688 - Path: Packages/com.unity.inputsystem/InputSystem/Editor/Icons/d_Position@4x.png' with importer (TextureImporter)
Imported 'GUID: ac4c5ccb2785f4460b2dcfe47010c688' -> (Import Result ID: 'c23f0d65ada252c8bcd04aedefd414b6') in 0.022 seconds [static and dynamic dependencies]. Details - ImportResultOutputID=4efe7159bf85e20a433ed299430052e4 DependenciesID=875f566ccdae41384b0d349d1e3c9ef3 StaticDependenciesID=005290e3ab827fc071ed1aaea4627731 
Importing 'GUID: ec85de66fa5b64dd984fdcc82f8f92b3 - Path: Packages/com.unity.inputsystem/InputSystem/Editor/Icons/InputControl.png' with importer (TextureImporter)
Imported 'GUID: ec85de66fa5b64dd984fdcc82f8f92b3' -> (Import Result ID: 'fec3b1dbf586f38770fb5f056c318bab') in 0.021 seconds [static and dynamic dependencies]. Details - ImportResultOutputID=fde1ce1c6f8856ed96780bb610547714 DependenciesID=2db81125f6e20aa2b13b52336466092d StaticDependenciesID=3172cee711d133c74c2dc9423d4d4b68 
Importing 'GUID: ecaa53a930f98bb44872ac2989fabc18 - Path: Packages/com.unity.xr.arfoundation/Editor/Icons/d_NoViewEnvironment.png' with importer (TextureImporter)
Imported 'GUID: ecaa53a930f98bb44872ac2989fabc18' -> (Import Result ID: '4e4c96993c6a5b9a44f1b6c52781609e') in 0.021 seconds [static and dynamic dependencies]. Details - ImportResultOutputID=a758ebc9953fcaf309c2ac871e4a274a DependenciesID=5dc8875cfd00721b35d4068a48f1ad10 StaticDependenciesID=795d062dff49467f93ef8eeb8b23d018 
Importing 'GUID: ec7c645d93308c04d8840982af12101e - Path: Packages/com.unity.ugui/Editor Resources/Gizmos/TMP - Sprite Asset Icon.psd' with importer (TextureImporter)
Imported 'GUID: ec7c645d93308c04d8840982af12101e' -> (Import Result ID: 'b41bcac939d7ee775cf796cddce4531a') in 0.027 seconds [static and dynamic dependencies]. Details - ImportResultOutputID=a1ea644dbf7fd0403392d7738c953d32 DependenciesID=4ff3e12e6d37f3d2d2e3379798832e68 StaticDependenciesID=da6dc773fe60859d1662f70ef9f74706 
Importing 'GUID: fcaa0d99df7c74f52afaa17a375dd393 - Path: Packages/com.unity.inputsystem/InputSystem/Editor/Icons/d_Joystick@3x.png' with importer (TextureImporter)
Imported 'GUID: fcaa0d99df7c74f52afaa17a375dd393' -> (Import Result ID: 'edbbe25a5d4ee298fdfba8c2d626675f') in 0.014 seconds [static and dynamic dependencies]. Details - ImportResultOutputID=648dc6fe0eb0cbedf181948e0d81a008 DependenciesID=b62e7b14a84c34efc2857d6df68a6aca StaticDependenciesID=d5f9690a917e82b2f5873d01e04877b2 
Importing 'GUID: 0de917098a5b848b1a371e570928ce10 - Path: Packages/com.unity.inputsystem/InputSystem/Editor/Icons/d_ChevronDown@4x.png' with importer (TextureImporter)
Imported 'GUID: 0de917098a5b848b1a371e570928ce10' -> (Import Result ID: '0b054531ce3e01caf3b66cdb73d3fd32') in 0.013 seconds [static and dynamic dependencies]. Details - ImportResultOutputID=637d9eadfe924dac7bc26bffa5a08fcb DependenciesID=137f9553eaf4d293bdee439c794904fe StaticDependenciesID=af694e2ce3b2b3faf3f3ec40091b396c 
Importing 'GUID: 0d9a36012a224080966c7b55896aa0f9 - Path: Packages/com.unity.ugui/Editor Resources/Textures/btn_AlignCapLine.psd' with importer (TextureImporter)
Imported 'GUID: 0d9a36012a224080966c7b55896aa0f9' -> (Import Result ID: '20c3b6d53b0b135a3ded32e91dc895a0') in 0.026 seconds [static and dynamic dependencies]. Details - ImportResultOutputID=f47e4507a3e8c56c6eb293b5fad5f96a DependenciesID=9d3358844fb1ac2f0ec2c1d106b703f8 StaticDependenciesID=9221d101b9b9810e92c30fc199af23d1 
Importing 'GUID: 3d7dc8d6b9a96490b9aa433645712fdf - Path: Packages/com.unity.inputsystem/InputSystem/Editor/Icons/d_Add Binding@2x.png' with importer (TextureImporter)
Imported 'GUID: 3d7dc8d6b9a96490b9aa433645712fdf' -> (Import Result ID: '0d20513bc40724edefbc105d5b402c15') in 0.021 seconds [static and dynamic dependencies]. Details - ImportResultOutputID=c85f4636e2129ea72e5ec85cb49b11f0 DependenciesID=a67a9523cd12fc8a465d720ddda9ac0b StaticDependenciesID=178a221d737a6038a6afe3f8e5b3a336 
Importing 'GUID: 4defb5292901c41f29313d9c9c87a7eb - Path: Packages/com.unity.inputsystem/InputSystem/Editor/Icons/Gamepad@2x.png' with importer (TextureImporter)
Imported 'GUID: 4defb5292901c41f29313d9c9c87a7eb' -> (Import Result ID: '645e5d641e34ecb37827e59f8def3b07') in 0.020 seconds [static and dynamic dependencies]. Details - ImportResultOutputID=5791de0c006c786cb5ea4f2b0e078a00 DependenciesID=bf2fc2feebb06a127bb7d5c0ab9c5a57 StaticDependenciesID=ed865a4380ce2dcc6d95420661807e8f 
Importing 'GUID: 5d96795fd770f47d69d997b053532730 - Path: Packages/com.unity.inputsystem/InputSystem/Editor/Icons/d_ChevronDown@3x.png' with importer (TextureImporter)
Imported 'GUID: 5d96795fd770f47d69d997b053532730' -> (Import Result ID: '616b2d32128251dceae4ce8b5fa3564f') in 0.013 seconds [static and dynamic dependencies]. Details - ImportResultOutputID=92968cde2a30c68157d665e1c4d0c803 DependenciesID=fefa48371d0395b1e033c5f79ee91769 StaticDependenciesID=eea18bf03b9fff9c61808b23daa942e7 
Importing 'GUID: 5d0b11389336d4b16b96f147c9f912e2 - Path: Packages/com.unity.inputsystem/InputSystem/Editor/Icons/d_Stick@2x.png' with importer (TextureImporter)
Imported 'GUID: 5d0b11389336d4b16b96f147c9f912e2' -> (Import Result ID: '4f66a6b070f3d55c0de2981b41d220a0') in 0.021 seconds [static and dynamic dependencies]. Details - ImportResultOutputID=9a465901cbb1f4b8ca1c4157e9bc8441 DependenciesID=bc75e40a4c67e88eee3cdd63cdf79e78 StaticDependenciesID=cb4f7cc94a6df99046a7a66ca6cfe8cf 
Importing 'GUID: 6db042035460c4167a6ab8d1ac3c2681 - Path: Packages/com.unity.inputsystem/InputSystem/Editor/Icons/d_Touch@4x.png' with importer (TextureImporter)
Imported 'GUID: 6db042035460c4167a6ab8d1ac3c2681' -> (Import Result ID: '91d40ed95407767b2aaa45acd0a30318') in 0.022 seconds [static and dynamic dependencies]. Details - ImportResultOutputID=4a920a7792d7524d2e0a5b9b49579edc DependenciesID=172ff58057124fe2bb37906a2a96a775 StaticDependenciesID=342ce6079d1bc9cc88eea12f3a857f07 
Importing 'GUID: 7d4638131127c4f4382fb36cf16c52fe - Path: Packages/com.unity.inputsystem/InputSystem/Editor/Icons/d_Joystick.png' with importer (TextureImporter)
Imported 'GUID: 7d4638131127c4f4382fb36cf16c52fe' -> (Import Result ID: '1883894de411301c8bca24f015237142') in 0.020 seconds [static and dynamic dependencies]. Details - ImportResultOutputID=ede48eab3ed7a70f801111aa942fe8fb DependenciesID=b8ef43ad2345a8ba5969c188310ee3eb StaticDependenciesID=93eddb775fa2db123d8f9bb244e8f509 
Importing 'GUID: cd1deff5bdbeb89408b7b67befb680f2 - Path: Packages/com.unity.xr.arfoundation/Editor/Icons/ArrowCaretRight.png' with importer (TextureImporter)
Imported 'GUID: cd1deff5bdbeb89408b7b67befb680f2' -> (Import Result ID: '06fc8063dc4d58e509d5414fec51be2e') in 0.020 seconds [static and dynamic dependencies]. Details - ImportResultOutputID=36a6488b9324b02c9782a8716bf3fce5 DependenciesID=583322a5f21b50ca8c63ceab3cccc5c0 StaticDependenciesID=4a2b7de3b31e01e4886d6d2fcc85b371 
Importing 'GUID: ed041e68439749a69d0efa0e3d896c2e - Path: Packages/com.unity.ugui/Editor Resources/Textures/btn_AlignTop_Light.psd' with importer (TextureImporter)
Imported 'GUID: ed041e68439749a69d0efa0e3d896c2e' -> (Import Result ID: 'ef691a52b2a7287ead0df9b46c133336') in 0.026 seconds [static and dynamic dependencies]. Details - ImportResultOutputID=c542233f35e58120068d4c9fc2cbad5e DependenciesID=7fab58c7e1776e05173dac2cbb58dee7 StaticDependenciesID=cff6297ce7f83458541e2cc7b14df8bb 
Importing 'GUID: 0efecba65ae4341a385cd5d39a2af765 - Path: Packages/com.unity.inputsystem/InputSystem/Editor/Icons/d_ChevronUp@3x.png' with importer (TextureImporter)
Imported 'GUID: 0efecba65ae4341a385cd5d39a2af765' -> (Import Result ID: '268327628e54924d5b722bd501533383') in 0.012 seconds [static and dynamic dependencies]. Details - ImportResultOutputID=4c479c3c36e2e0353464facd0b6ef66c DependenciesID=c5da07fd551bec033c7ff75a93589698 StaticDependenciesID=adede76aeababc5304c5602376bbc07f 
Importing 'GUID: 2e27a82b5cc4e4ef98cbef2d0b324aed - Path: Packages/com.unity.inputsystem/InputSystem/Editor/Icons/Axis@3x.png' with importer (TextureImporter)
Imported 'GUID: 2e27a82b5cc4e4ef98cbef2d0b324aed' -> (Import Result ID: '77463280f15e2afa2a46749247a16230') in 0.021 seconds [static and dynamic dependencies]. Details - ImportResultOutputID=53c3f20241e960fef4ff1e186dc6a08b DependenciesID=18cc2b4678df1a00dd5ace9bdbd6a49a StaticDependenciesID=e8e221a60882764babd55b36010b2d76 
Importing 'GUID: 3ee40aa79cd242a5b53b0b0ca4f13f0f - Path: Packages/com.unity.ugui/Editor Resources/Gizmos/TMP - Input Field Icon.psd' with importer (TextureImporter)
Imported 'GUID: 3ee40aa79cd242a5b53b0b0ca4f13f0f' -> (Import Result ID: '71895684288b52fc0c41bf09a482223e') in 0.027 seconds [static and dynamic dependencies]. Details - ImportResultOutputID=ce54539d4f6482da89c50386bfac2f02 DependenciesID=65e985f8321dec962b444fa731b7d67a StaticDependenciesID=7161c63cf97c0e0b1f843a12ea672410 
Importing 'GUID: 3e972ade69f574d51bbbe1052ee3c14d - Path: Packages/com.unity.xr.arfoundation/Assets/Textures/DetachedToolBar_Vertical@3x.png' with importer (TextureImporter)
Imported 'GUID: 3e972ade69f574d51bbbe1052ee3c14d' -> (Import Result ID: '96de00d03ce02523ed059ca6da433d3f') in 0.018 seconds [static and dynamic dependencies]. Details - ImportResultOutputID=0cb00b8a8405e88777c30850c4811940 DependenciesID=ab535c75c5fe7492499e004d01120be1 StaticDependenciesID=5e101b2cb07c68c1671f0bfc0235c99e 
Importing 'GUID: 6e9283a12f5b74afbba696cbb82f5e7f - Path: Packages/com.unity.inputsystem/InputSystem/Editor/Icons/Touch@4x.png' with importer (TextureImporter)
Imported 'GUID: 6e9283a12f5b74afbba696cbb82f5e7f' -> (Import Result ID: '724ff97824e0ce8ede1eefaa2e2b1151') in 0.023 seconds [static and dynamic dependencies]. Details - ImportResultOutputID=f5a5f0d2ad285122a57e7cd9315fc981 DependenciesID=2d09dcfb45218a271a1704f653615af2 StaticDependenciesID=3de0b23f8d3da23a5471fe99187dd26f 
Importing 'GUID: 7e853779c8fed4ebf917a0de21c79602 - Path: Packages/com.unity.inputsystem/InputSystem/Editor/Icons/Axis.png' with importer (TextureImporter)
Imported 'GUID: 7e853779c8fed4ebf917a0de21c79602' -> (Import Result ID: 'd29a6d1bba1b140abd09cb75102ffc05') in 0.020 seconds [static and dynamic dependencies]. Details - ImportResultOutputID=dd9b9fdf6a1fc6264404cb48c2ff3731 DependenciesID=77a594252d6ec3e96cf85a072019bc7f StaticDependenciesID=10a2152e53691d0500163efe1a9cc5d8 
Importing 'GUID: 9eb2b64988cb1443cab6da5dc5300d1c - Path: Packages/com.unity.inputsystem/InputSystem/Editor/Icons/Mouse.png' with importer (TextureImporter)
Imported 'GUID: 9eb2b64988cb1443cab6da5dc5300d1c' -> (Import Result ID: '73ef0d71d8485658d1dcc017c212b01d') in 0.019 seconds [static and dynamic dependencies]. Details - ImportResultOutputID=c5967a29798761fd4367542f1c6794a4 DependenciesID=a6e6e0fa45d91a68269b93e2956118de StaticDependenciesID=b2fc191fd156aafee59f3c6150ff173a 
Importing 'GUID: 9ec4e316700da46b88741a8153b33963 - Path: Packages/com.unity.inputsystem/InputSystem/Editor/Icons/d_Keyboard@3x.png' with importer (TextureImporter)
Imported 'GUID: 9ec4e316700da46b88741a8153b33963' -> (Import Result ID: '86004843b19146d7e2c3972ae04de054') in 0.024 seconds [static and dynamic dependencies]. Details - ImportResultOutputID=502845295383528c3155f368b51f2262 DependenciesID=6cf4095e9ec9fa42a5d36ec146ebbff9 StaticDependenciesID=684d45a6ca0106c5d2b5b0121a6a659f 
Importing 'GUID: 9e3566c34ba469748a8aede863b6d3a9 - Path: Packages/com.unity.xr.arfoundation/Editor/Icons/d_ArrowCaretLeft.png' with importer (TextureImporter)
Imported 'GUID: 9e3566c34ba469748a8aede863b6d3a9' -> (Import Result ID: '426e92ccf28fe58a85a0183941583510') in 0.013 seconds [static and dynamic dependencies]. Details - ImportResultOutputID=318e144b4d6785725ddb7bd847663fc4 DependenciesID=0bd68f39c79a93444d27aa57338f33be StaticDependenciesID=022cd98982c882468d4712dc3469cb2b 
Importing 'GUID: 9e882b58df0964f5b90ff99cb481ee79 - Path: Packages/com.unity.inputsystem/InputSystem/Editor/Icons/d_Gamepad@3x.png' with importer (TextureImporter)
Imported 'GUID: 9e882b58df0964f5b90ff99cb481ee79' -> (Import Result ID: '17329d39850aa85cc71bc159f088a6f0') in 0.025 seconds [static and dynamic dependencies]. Details - ImportResultOutputID=c1d5e7c68ce9287f4b8c3954b0cf58bf DependenciesID=788a83717e9b3a9a4a02ed0feab1908b StaticDependenciesID=bc94345f20d2e00c14bcc646b75fddd4 
Importing 'GUID: 9e6c9e992a2ee4327bce1d6a8189cedb - Path: Packages/com.unity.inputsystem/InputSystem/Editor/Icons/Interactive Binding@4x.png' with importer (TextureImporter)
Imported 'GUID: 9e6c9e992a2ee4327bce1d6a8189cedb' -> (Import Result ID: '8882ed018246ac9bbccec40cc795a6e4') in 0.013 seconds [static and dynamic dependencies]. Details - ImportResultOutputID=86d14bddbdc154c36d8639a690ba4648 DependenciesID=a009e2a9863cc82192684141b462bd59 StaticDependenciesID=ae58552d776533ace04c81d6e79bda0e 
Importing 'GUID: bed935caee9524e6780614c2055bfd35 - Path: Packages/com.unity.inputsystem/InputSystem/Editor/Icons/d_Gamepad@2x.png' with importer (TextureImporter)
Imported 'GUID: bed935caee9524e6780614c2055bfd35' -> (Import Result ID: '51e0da5ec4672ad8d3369aa066e166e2') in 0.021 seconds [static and dynamic dependencies]. Details - ImportResultOutputID=9ffdb7791815f3d1e7a58533d419a8f0 DependenciesID=b7787046c02653b24633e89ea82ff2a3 StaticDependenciesID=f108a89eba7eebd96e766e9a497fd9cb 
Importing 'GUID: ceaa885da02f84da195f87de12535da6 - Path: Packages/com.unity.inputsystem/InputSystem/Editor/Icons/d_Touch@2x.png' with importer (TextureImporter)
Imported 'GUID: ceaa885da02f84da195f87de12535da6' -> (Import Result ID: 'e907023e1af8ffd22385de3a5001f7f0') in 0.021 seconds [static and dynamic dependencies]. Details - ImportResultOutputID=0720c2615c7e25c2d8181a5fdc0cf638 DependenciesID=d5e949b8f2aa6995d003320fa6b08e35 StaticDependenciesID=3aead39d7acba6bf7bd1f8d30b845547 
Importing 'GUID: ce5f11cd993284c4f9c54f854bdc8c9c - Path: Packages/com.unity.inputsystem/InputSystem/Editor/AssetEditor/PackageResources/personal/actionTreeBackground.png' with importer (TextureImporter)
Imported 'GUID: ce5f11cd993284c4f9c54f854bdc8c9c' -> (Import Result ID: '737fb97dbfb525578de1369b08576f79') in 0.021 seconds [static and dynamic dependencies]. Details - ImportResultOutputID=a88e0012f675f0dfa1ae8846e24a26c4 DependenciesID=a2bbcb12c626f35035ff89b2ce8c1845 StaticDependenciesID=d5ba128335c0857ec6e0e1845cc1915f 
Importing 'GUID: de98baf415a2c4d7dbe0de74cb6e171c - Path: Packages/com.unity.inputsystem/InputSystem/Editor/Icons/d_Orientation@4x.png' with importer (TextureImporter)
Imported 'GUID: de98baf415a2c4d7dbe0de74cb6e171c' -> (Import Result ID: '67a9b748d6a2dd9155ad88e0b5b7a082') in 0.023 seconds [static and dynamic dependencies]. Details - ImportResultOutputID=bfbbb798416096cf96e12f32077a0deb DependenciesID=9f074990566e32344fb23d83e21d639c StaticDependenciesID=bdcfee123b5d702dfd5d228f10620aa1 
Importing 'GUID: ee148e281f3c41c5b4ff5f8a5afe5a6c - Path: Packages/com.unity.ugui/Editor Resources/Gizmos/TMP - Font Asset Icon.psd' with importer (TextureImporter)
Imported 'GUID: ee148e281f3c41c5b4ff5f8a5afe5a6c' -> (Import Result ID: '584bb0a3f3aae9cfc7777064a6726f62') in 0.025 seconds [static and dynamic dependencies]. Details - ImportResultOutputID=0b1b0f665efda68f91e501c03129b44c DependenciesID=3c4b757d6d05c197a49aa3e27d7c0874 StaticDependenciesID=f6fb8b45520767464e90df2a78b33b57 
Importing 'GUID: 1f1be572611233c409f7cedd7d33d2d6 - Path: Packages/com.unity.xr.arfoundation/Editor/Icons/NoViewEnvironment@2x.png' with importer (TextureImporter)
Imported 'GUID: 1f1be572611233c409f7cedd7d33d2d6' -> (Import Result ID: '587d85635cb587d781be7360c3652686') in 0.021 seconds [static and dynamic dependencies]. Details - ImportResultOutputID=6de33e09bbd8678ea2bc829247178ba6 DependenciesID=70a548c81ea638453f742f4fcc32a316 StaticDependenciesID=a067eb13c87feebab8f799c1a5dcea8a 
Importing 'GUID: 2fa06335acce0ae40887b91750da42ab - Path: Packages/com.unity.xr.arfoundation/Editor/Icons/ArrowCaretLeft@2x.png' with importer (TextureImporter)
Imported 'GUID: 2fa06335acce0ae40887b91750da42ab' -> (Import Result ID: 'd15729a2cf18eae58028317cd72d36d1') in 0.021 seconds [static and dynamic dependencies]. Details - ImportResultOutputID=b24c83e1ec21d0dd852c139aa6f818f9 DependenciesID=cc704cef10fccf11235b6b41ac836533 StaticDependenciesID=fbbda229453a1cc2dcd82196bb794e47 
Importing 'GUID: 2fd6421f253b4ef1a19526541f9ffc0c - Path: Packages/com.unity.ugui/Editor Resources/Gizmos/TMP - Text Component Icon.psd' with importer (TextureImporter)
Imported 'GUID: 2fd6421f253b4ef1a19526541f9ffc0c' -> (Import Result ID: 'f18beefd3f27248377145502b3ebac3e') in 0.028 seconds [static and dynamic dependencies]. Details - ImportResultOutputID=15f2b706026caf410c93cb17c3c74ba9 DependenciesID=046b71e9e0e97ad8cc161c53792e1164 StaticDependenciesID=279d39d469c8806a5964f1898d84e31d 
Importing 'GUID: 2f1ae8c1b83d94419b59c0b63890aceb - Path: Packages/com.unity.xr.arfoundation/Assets/Textures/IconBackgroundCircleFill@4x.png' with importer (TextureImporter)
Imported 'GUID: 2f1ae8c1b83d94419b59c0b63890aceb' -> (Import Result ID: 'b62990b1ae851794bc493726a0a50f88') in 0.019 seconds [static and dynamic dependencies]. Details - ImportResultOutputID=8b7e4040a3a162d502edfcbb559e48e0 DependenciesID=5632e8ca396397051d36fb544c101540 StaticDependenciesID=803edc59eedab2bec8040a5f2b3d9ffe 
Importing 'GUID: 4fe0501fb16949c4cac977008dbed6e6 - Path: Packages/com.unity.xr.arfoundation/Editor/Icons/XREnvironment.png' with importer (TextureImporter)
Imported 'GUID: 4fe0501fb16949c4cac977008dbed6e6' -> (Import Result ID: '4d924af8bdf6062f3b8d8e3a165d0e04') in 0.013 seconds [static and dynamic dependencies]. Details - ImportResultOutputID=8b83c9e53a82a315fab03cf6b1e6f7dc DependenciesID=8c9465e74d4f51d2b93bbdf14411242a StaticDependenciesID=26a406c1fcbb91260a1e51f497b97ab2 
Importing 'GUID: 5f09d534eb1414449a2758696bd4dd11 - Path: Packages/com.unity.inputsystem/InputSystem/Editor/Icons/Orientation@3x.png' with importer (TextureImporter)
Imported 'GUID: 5f09d534eb1414449a2758696bd4dd11' -> (Import Result ID: 'eb6491e41d56d2a64de618f67ba217d1') in 0.020 seconds [static and dynamic dependencies]. Details - ImportResultOutputID=d02ed588b13b32561bd540b5ddbf8f06 DependenciesID=fbc338faf108f4a50474bd7984514ad3 StaticDependenciesID=89ef754ec763e38df3ca55583b64f83d 
Importing 'GUID: 7fc0926499f7a4500b152d45397c44a4 - Path: Packages/com.unity.inputsystem/InputSystem/Editor/Icons/Keyboard@4x.png' with importer (TextureImporter)
Imported 'GUID: 7fc0926499f7a4500b152d45397c44a4' -> (Import Result ID: 'c257b9c485b1c7a8c50a25e8cd29b6e3') in 0.023 seconds [static and dynamic dependencies]. Details - ImportResultOutputID=4ef188516f121bd949d86e4e06a30318 DependenciesID=dd2426e6f4e513f991853de550c6150f StaticDependenciesID=47e754d695e3711fb4371a1f46b15b5b 
Importing 'GUID: 7fb7b46a8c63948d2b28dc394281bf5a - Path: Packages/com.unity.inputsystem/InputSystem/Editor/Icons/Orientation.png' with importer (TextureImporter)
Imported 'GUID: 7fb7b46a8c63948d2b28dc394281bf5a' -> (Import Result ID: 'abb939a4165dc037bf871a38f961535d') in 0.021 seconds [static and dynamic dependencies]. Details - ImportResultOutputID=59e0d2b7aeb4fc4edbaa9feb6ff8c776 DependenciesID=b4aee7386633bd6c95c5652e4c9a8995 StaticDependenciesID=95656315db8ece37d9d691334627f19f 
Importing 'GUID: 7fad89501bb5c408e956934bf2eb8ae3 - Path: Packages/com.unity.inputsystem/InputSystem/Editor/Icons/d_ChevronUp.png' with importer (TextureImporter)
Imported 'GUID: 7fad89501bb5c408e956934bf2eb8ae3' -> (Import Result ID: 'ce8eb1cf8062e045468bf20cfa9f850e') in 0.013 seconds [static and dynamic dependencies]. Details - ImportResultOutputID=8915fb596c49361ce6caee118c6ca307 DependenciesID=4b519c589672c1a236004f3d5d8c3501 StaticDependenciesID=49181c2cd4d07ce1590b322bc838d5d9 
Importing 'GUID: cf632ed80bf1f46c980de6b1b8b903ef - Path: Packages/com.unity.inputsystem/InputSystem/Editor/AssetEditor/PackageResources/personal/actionTreeBackgroundWithoutBorder.png' with importer (TextureImporter)
Imported 'GUID: cf632ed80bf1f46c980de6b1b8b903ef' -> (Import Result ID: '20cd7b6e7e74cc93a05fff28d1271c10') in 0.021 seconds [static and dynamic dependencies]. Details - ImportResultOutputID=ef2cdf43424c16f2c8e9fd844bda0938 DependenciesID=96dbb4261110b52e6e6b4bc5ed5e7090 StaticDependenciesID=410fbf894463483585f56cbe265dd640 
Importing 'GUID: ff8479815905ce84e9ef610d926f28c8 - Path: Packages/com.unity.inputsystem/InputSystem/Editor/Icons/TrackedPoseDriver@2x.png' with importer (TextureImporter)
Imported 'GUID: ff8479815905ce84e9ef610d926f28c8' -> (Import Result ID: 'cf2a1892ee959a7bf91352ffa121373a') in 0.022 seconds [static and dynamic dependencies]. Details - ImportResultOutputID=bfd081ef990d5f5bb6c58251a1ca14ba DependenciesID=781cfe49e1fb9c886fc7ae0464d3024b StaticDependenciesID=a340d76b7a7c5518100e22b523063908 
Importing 'GUID: ffeba93637e654de6a5906b48520dc94 - Path: Packages/com.unity.inputsystem/InputSystem/Editor/AssetEditor/PackageResources/green.png' with importer (TextureImporter)
Imported 'GUID: ffeba93637e654de6a5906b48520dc94' -> (Import Result ID: '99b93021ace5198e5960f462a972cbf9') in 0.022 seconds [static and dynamic dependencies]. Details - ImportResultOutputID=34cdb3eec2530acbff43382af4dc58cf DependenciesID=ce157d0f8173c7e65aeb9b74793c0b5d StaticDependenciesID=0df8842286d0d207d579347193a29abb 
Importing 'GUID: 910d3836c6f5c2a4492fb89eda5b4b86 - Path: Packages/com.unity.xr.arfoundation/Assets/Shaders/SimulationRoomXRay.shader' with importer (ShaderImporter)
WARNING: Shader Unsupported: 'Simulation/Room X-Ray' - All subshaders removed
WARNING: Shader Did you use #pragma only_renderers and omit this platform?
WARNING: Shader If subshaders removal was intentional, you may have forgotten turning Fallback off?
WARNING: Shader Unsupported: 'Simulation/Room X-Ray' - All subshaders removed
WARNING: Shader Did you use #pragma only_renderers and omit this platform?
WARNING: Shader If subshaders removal was intentional, you may have forgotten turning Fallback off?
Imported 'GUID: 910d3836c6f5c2a4492fb89eda5b4b86' -> (Import Result ID: '259e16bbf12fafb1025d1ae1e189df9d') in 0.039 seconds [static and dynamic dependencies]. Details - ImportResultOutputID=16bf9b01f465e26da829fc50ae81ea61 DependenciesID=43d66053fb0fce1c774cf912908f4f77 StaticDependenciesID=fac36c492d9da2fcc9ae207e2265b85f 
Importing 'GUID: f23c9f2643a855346b0c6bf819e3db73 - Path: Assets/unity-ar-module/Shaders/TransparentOrgan.shader' with importer (ShaderImporter)
Imported 'GUID: f23c9f2643a855346b0c6bf819e3db73' -> (Import Result ID: '9874e53ad10b9973fa0a61b661c10ab5') in 0.486 seconds [static and dynamic dependencies]. Details - ImportResultOutputID=7f047acc628e86d71bdc36f50f5312bb DependenciesID=b08b3fe01b705073f08e408cfb4d9eb1 StaticDependenciesID=b1f91fc7a0e53905f3139a118ca33e5b 
Importing 'GUID: 53f4fa13cedbdb9499fe40ffe30c61cd - Path: Packages/com.unity.xr.arfoundation/Assets/Shaders/DepthCopy.shader' with importer (ShaderImporter)
Imported 'GUID: 53f4fa13cedbdb9499fe40ffe30c61cd' -> (Import Result ID: 'a9668b647369fe73d948043b8e6922b1') in 0.023 seconds [static and dynamic dependencies]. Details - ImportResultOutputID=3014f9a0f10bafc5171652e6dd7e9de3 DependenciesID=6e67d78d3e9f91b5efb1aa22a142cc14 StaticDependenciesID=2568a3f2f8e8ae7e6c60ad4424cdd534 
Importing 'GUID: c65f22c214e3b9c44af106cbf91e5afd - Path: Packages/com.unity.xr.arfoundation/Assets/Shaders/SimulationLegacyRoomXRay.shader' with importer (ShaderImporter)
Imported 'GUID: c65f22c214e3b9c44af106cbf91e5afd' -> (Import Result ID: 'eae57fa99c0f58e5964bd80ef25d693f') in 0.708 seconds [static and dynamic dependencies]. Details - ImportResultOutputID=6a3b74dcbc0936bb74d5cf3b148968c9 DependenciesID=2b1f6248432c060561fffde5ce04be2f StaticDependenciesID=27f744b18a20e9c1dd2e8805e2d79922 
Importing 'GUID: f6e87ced02c0d485ea5fc91ced3e6417 - Path: Packages/com.unity.xr.arfoundation/Assets/Shaders/GizmoSolidColor.shader' with importer (ShaderImporter)
Imported 'GUID: f6e87ced02c0d485ea5fc91ced3e6417' -> (Import Result ID: '91dc61b2232ff760211b7840b657fdc0') in 0.027 seconds [static and dynamic dependencies]. Details - ImportResultOutputID=4dc507814f68b95003f04ed4be921c2a DependenciesID=ebd7b2b24bbd741ccaaa495cb3be6a67 StaticDependenciesID=38d303a3bee1c977916deea1769d4823 
Importing 'GUID: 0945859e5a1034c2cb6dce53cb4fb899 - Path: Packages/com.unity.xr.arcore/Assets/Shaders/ARCoreBackgroundAfterOpaques.shader' with importer (ShaderImporter)
Imported 'GUID: 0945859e5a1034c2cb6dce53cb4fb899' -> (Import Result ID: '57600b1107797fdf9633b6636a7181ae') in 0.044 seconds [static and dynamic dependencies]. Details - ImportResultOutputID=9261acbf4d812d98c773231889694669 DependenciesID=b93d587a73048bc0d320280badf3e7e1 StaticDependenciesID=11f7454c66be18fc30d3110324b391ef 
Importing 'GUID: 89c5a83f7058c3f42921c3797959f492 - Path: Packages/com.unity.xr.arfoundation/Assets/Shaders/SimulationURPRoomXRay.shader' with importer (ShaderImporter)
WARNING: Shader Unsupported: 'Simulation/URP/Room X-Ray' - All subshaders removed
WARNING: Shader Did you use #pragma only_renderers and omit this platform?
WARNING: Shader If subshaders removal was intentional, you may have forgotten turning Fallback off?
WARNING: Shader Unsupported: 'Simulation/URP/Room X-Ray' - All subshaders removed
WARNING: Shader Did you use #pragma only_renderers and omit this platform?
WARNING: Shader If subshaders removal was intentional, you may have forgotten turning Fallback off?
Imported 'GUID: 89c5a83f7058c3f42921c3797959f492' -> (Import Result ID: '6e6dd27eeda1a809ab6ddb470aa870b2') in 0.040 seconds [static and dynamic dependencies]. Details - ImportResultOutputID=fea35087809ad781753a91e5cf456b7d DependenciesID=e55f272385af8395bd40acd6a9bdcb22 StaticDependenciesID=3f7016b2d827772ba1bb9924b3ae0e0a 
Importing 'GUID: c9f956787b1d945e7b36e0516201fc76 - Path: Packages/com.unity.xr.arcore/Assets/Shaders/ARCoreBackground.shader' with importer (ShaderImporter)
Imported 'GUID: c9f956787b1d945e7b36e0516201fc76' -> (Import Result ID: '5ae6defe8ab51f41547f141dadaf16e6') in 0.028 seconds [static and dynamic dependencies]. Details - ImportResultOutputID=5e24581133d18b2f687a4bd6b9d6846d DependenciesID=867dd5a8586ec307a6df84196e118f4b StaticDependenciesID=79621fd8415b73e1689f1d1cb3c6ba0a 
Importing 'GUID: 0ad967c9b039c4c5db35830a2211d12b - Path: Packages/com.unity.xr.arfoundation/Assets/Shaders/SoftOcclusionPreprocessing.shader' with importer (ShaderImporter)
Imported 'GUID: 0ad967c9b039c4c5db35830a2211d12b' -> (Import Result ID: '240b4b7049b4c02f2007786dc7960544') in 0.040 seconds [static and dynamic dependencies]. Details - ImportResultOutputID=ab836abe763f5c4ab1a4be6969610816 DependenciesID=690ffad16232da677891d70fad051a2c StaticDependenciesID=1eb8a7c055071ff199c11e95926901ac 
Importing 'GUID: 9af0e9ee2d4229b4081dbd7c95ede8b8 - Path: Packages/com.unity.xr.arfoundation/Assets/Shaders/SimulationURPSynthetic.shader' with importer (ShaderImporter)
WARNING: Shader Unsupported: 'Hidden/Simulation/URP/Synthetic' - All subshaders removed
WARNING: Shader Did you use #pragma only_renderers and omit this platform?
WARNING: Shader If subshaders removal was intentional, you may have forgotten turning Fallback off?
WARNING: Shader Unsupported: 'Hidden/Simulation/URP/Synthetic' - All subshaders removed
WARNING: Shader Did you use #pragma only_renderers and omit this platform?
WARNING: Shader If subshaders removal was intentional, you may have forgotten turning Fallback off?
Imported 'GUID: 9af0e9ee2d4229b4081dbd7c95ede8b8' -> (Import Result ID: 'e0357140d51ca2b826efbfc2c09d2983') in 0.029 seconds [static and dynamic dependencies]. Details - ImportResultOutputID=5666b43d22218622465c37a8da038e00 DependenciesID=14f050742296139c278bb42e65e1e1f0 StaticDependenciesID=c711844c8bd047bd1897230673541523 
Importing 'GUID: 9a9ae58e9f12be0409d3c55c0815e5c8 - Path: Packages/com.unity.xr.arfoundation/Assets/Shaders/SimulationBackgroundSimple.shader' with importer (ShaderImporter)
Imported 'GUID: 9a9ae58e9f12be0409d3c55c0815e5c8' -> (Import Result ID: 'b2b2b1e42dda8d7ff224f74120762823') in 0.025 seconds [static and dynamic dependencies]. Details - ImportResultOutputID=d521db2d524678b3b7d1e2c82cc0b0cf DependenciesID=207ada7b7951b278ac6a2bff3e66b416 StaticDependenciesID=f69eadbc2cf3a177f74a75cb64ac4967 
Importing 'GUID: 5bb79ccef52fc424b9a0fdc6412fca8c - Path: Packages/com.unity.xr.arfoundation/Assets/Shaders/SimulationSyntheticLit.shader' with importer (ShaderImporter)
WARNING: Shader Unsupported: 'Hidden/Simulation/Synthetic Lit' - All subshaders removed
WARNING: Shader Did you use #pragma only_renderers and omit this platform?
WARNING: Shader If subshaders removal was intentional, you may have forgotten turning Fallback off?
WARNING: Shader Unsupported: 'Hidden/Simulation/Synthetic Lit' - All subshaders removed
WARNING: Shader Did you use #pragma only_renderers and omit this platform?
WARNING: Shader If subshaders removal was intentional, you may have forgotten turning Fallback off?
Imported 'GUID: 5bb79ccef52fc424b9a0fdc6412fca8c' -> (Import Result ID: '7f233c8827681390d16f3bca51d9f5f7') in 0.028 seconds [static and dynamic dependencies]. Details - ImportResultOutputID=2d2906dc060c04d80c4b1c3a7579f784 DependenciesID=ffa8bf365557d7a3ece8b96f406278d7 StaticDependenciesID=e0fb5023750bbcb39122dc7f57126e10 
Importing 'GUID: db1d7c873232c274098b06d7b849ead1 - Path: Packages/com.unity.xr.arfoundation/Assets/Shaders/SimulationLegacyStandard.shader' with importer (ShaderImporter)
Imported 'GUID: db1d7c873232c274098b06d7b849ead1' -> (Import Result ID: '0157ec633cd99aa02df2d62d6289aa2c') in 0.097 seconds [static and dynamic dependencies]. Details - ImportResultOutputID=39b553c8be0736bb0af260382b238891 DependenciesID=dbf789b1871b75cc7f83205077fbe38d StaticDependenciesID=8f737ec3cab8806a3ee70948c229e5fe 
Importing 'GUID: 6c4bf46f32019704e8b2efc0d062d054 - Path: Packages/com.unity.xr.arfoundation/Assets/Shaders/SimulationStandardLit.shader' with importer (ShaderImporter)
WARNING: Shader Unsupported: 'Simulation/Standard Lit' - All subshaders removed
WARNING: Shader Did you use #pragma only_renderers and omit this platform?
WARNING: Shader If subshaders removal was intentional, you may have forgotten turning Fallback off?
WARNING: Shader Unsupported: 'Simulation/Standard Lit' - All subshaders removed
WARNING: Shader Did you use #pragma only_renderers and omit this platform?
WARNING: Shader If subshaders removal was intentional, you may have forgotten turning Fallback off?
Imported 'GUID: 6c4bf46f32019704e8b2efc0d062d054' -> (Import Result ID: 'a35895c942c6ff0f1f170736b83dd416') in 0.023 seconds [static and dynamic dependencies]. Details - ImportResultOutputID=b04cc426316101b1fb7c2b343fe533bc DependenciesID=6b790ec681def13aef52ac0243267c92 StaticDependenciesID=2fa69ff1cc239f9533635115c9658513 
Importing 'GUID: 9c442dc870b456e48b615cd8add0e9ef - Path: Packages/com.unity.ugui/Editor Resources/Shaders/TMP_SDF Internal Editor.shader' with importer (ShaderImporter)
Imported 'GUID: 9c442dc870b456e48b615cd8add0e9ef' -> (Import Result ID: '70b584f4653ca5eff2a8b333887dd53b') in 0.068 seconds [static and dynamic dependencies]. Details - ImportResultOutputID=217ae37ec1a2551cd23c1f2dfd06aa4a DependenciesID=9d91faef1da1bb58b8685aae952d54c6 StaticDependenciesID=44e1e3cc417c08023b5102c2d5784f16 
Importing 'GUID: 4d5df56d927b0854faed8da769474d79 - Path: Assets/unity-ar-module/Shaders/HighlightGlow.shader' with importer (ShaderImporter)
Imported 'GUID: 4d5df56d927b0854faed8da769474d79' -> (Import Result ID: 'adcc9e7efbd05faa6522ec9b1f148a6d') in 0.316 seconds [static and dynamic dependencies]. Details - ImportResultOutputID=8570bc85a96c03e2fc084decb30a8974 DependenciesID=eb24afb55c09d3544d3ad4ea280cba5b StaticDependenciesID=d09edf396d831480409be07b91bc6221 
Importing 'GUID: 5d9848fd2d870574eb8038ff36c7eea2 - Path: Packages/com.unity.xr.arfoundation/Assets/Shaders/SimulationLegacySynthetic.shader' with importer (ShaderImporter)
Imported 'GUID: 5d9848fd2d870574eb8038ff36c7eea2' -> (Import Result ID: 'df68a28ec004749d98ee005507c0148c') in 0.039 seconds [static and dynamic dependencies]. Details - ImportResultOutputID=fce2a0f973b6f1e361c570c92713de58 DependenciesID=b3ac27e45b76563c013451e820c8794d StaticDependenciesID=c1435a89f69003cee1975391ea85412e 
Importing 'GUID: 8dfc564b813aa8f4685ed5f2ed5df06a - Path: Packages/com.unity.xr.arfoundation/Assets/Shaders/SimulationURPLit.shader' with importer (ShaderImporter)
WARNING: Shader Unsupported: 'Simulation/URP/Lit' - All subshaders removed
WARNING: Shader Did you use #pragma only_renderers and omit this platform?
WARNING: Shader If subshaders removal was intentional, you may have forgotten turning Fallback off?
WARNING: Shader Unsupported: 'Simulation/URP/Lit' - All subshaders removed
WARNING: Shader Did you use #pragma only_renderers and omit this platform?
WARNING: Shader If subshaders removal was intentional, you may have forgotten turning Fallback off?
Imported 'GUID: 8dfc564b813aa8f4685ed5f2ed5df06a' -> (Import Result ID: '9860f9d6a2d62b961c8cda89773e23af') in 0.028 seconds [static and dynamic dependencies]. Details - ImportResultOutputID=4c41d4e0fc2e7bf2e53af1093f784f25 DependenciesID=b2192d77220386a7a2ce8d4783ee91d4 StaticDependenciesID=0ec1c3a67525781cac779259a2b72f83 
WARNING: Shader Unsupported: 'Simulation/Standard Lit' - All subshaders removed
WARNING: Shader Did you use #pragma only_renderers and omit this platform?
WARNING: Shader If subshaders removal was intentional, you may have forgotten turning Fallback off?
WARNING: Shader Unsupported: 'Simulation/URP/Room X-Ray' - All subshaders removed
WARNING: Shader Did you use #pragma only_renderers and omit this platform?
WARNING: Shader If subshaders removal was intentional, you may have forgotten turning Fallback off?
WARNING: Shader Unsupported: 'Simulation/URP/Lit' - All subshaders removed
WARNING: Shader Did you use #pragma only_renderers and omit this platform?
WARNING: Shader If subshaders removal was intentional, you may have forgotten turning Fallback off?
WARNING: Shader Unsupported: 'Hidden/Simulation/URP/Synthetic' - All subshaders removed
WARNING: Shader Did you use #pragma only_renderers and omit this platform?
WARNING: Shader If subshaders removal was intentional, you may have forgotten turning Fallback off?
WARNING: Shader Unsupported: 'Hidden/Simulation/Synthetic Lit' - All subshaders removed
WARNING: Shader Did you use #pragma only_renderers and omit this platform?
WARNING: Shader If subshaders removal was intentional, you may have forgotten turning Fallback off?
WARNING: Shader Unsupported: 'Simulation/Room X-Ray' - All subshaders removed
WARNING: Shader Did you use #pragma only_renderers and omit this platform?
WARNING: Shader If subshaders removal was intentional, you may have forgotten turning Fallback off?
Refreshing native plugins compatible for Editor in 4.13 ms, found 1 plugins.

Asset Pipeline Refresh (id=fd6ada320613b544a8f47b3269d18dec): Total: 8.234 seconds - Initiated by RefreshV2(NoUpdateAssetOptions)
	(Values over 0.05ms)
	Summary:
		Imports: total=240 (actual=239, local cache=1, cache server=0)
		Asset DB Process Time: managed=48 ms, native=7259 ms
		Asset DB Callback time: managed=120 ms, native=805 ms
		Scripting: domain reloads=0, domain reload time=0 ms, compile time=0 ms, other=0 ms
		Project Asset Count: scripts=600, non-scripts=408
		Asset File Changes: new=0, changed=0, moved=0, deleted=0
		Scan Filter Count: 0
	ApplyChangesToAssetFolders: 0.240ms
	Collect global state as custom dependencies: 12.508ms
	ProcessAssetsWithTransientArtifactChanges: 0.469ms
	CategorizeAssets: 6.113ms
	ImportOutOfDateAssets: 7046.275ms (0.149ms without children)
		ImportManagerImport: 7036.892ms (53.123ms without children)
			UpdateCategorizedAssets: 1.490ms
		UnloadImportedAssets: 7.273ms
		ReloadImportedAssets: 91.081ms
		EnsureUptoDateAssetsAreRegisteredWithGuidPM: 0.230ms
		ImportSchedulerStart: 1.679ms
	PostProcessAllAssets: 916.939ms
		ShaderAssetModifiedCallback 719.733ms
		XRBuildSystem.XRAssetImported 19.407ms
		PostprocessAssetsUpdateCachedIcon 1.241ms
		ComputeShaderImportPostprocess 0.610ms
		PostProcessCallbackCreateDeferredMaterials 0.590ms
		RaytracingShaderImportPostprocess 0.563ms
		SpeedTreeImporter.PostprocessAllAssets 0.406ms
		LocalizationDatabase.AssetDatabasePostprocessCallback 0.322ms
		VCAutoAddAssetPostprocess 0.310ms
		BlockShaderImporter.PostprocessAllAssets 0.257ms
		WindowTitlePostprocess 0.250ms
		AssemblyValidation.PostprocessAllAssets 0.197ms
		MonoPostProcessAllAssets: 117.236ms
			AssetPostprocessor.OnPostprocessAllAssets 39.465ms
			BuilderAssetPostprocessor.OnPostprocessAllAssets 20.902ms
			AssetCallbacks.OnPostprocessAllAssets 14.802ms
			RetainedModeAssetPostprocessor.OnPostprocessAllAssets 10.665ms
			AssetChangedListener.OnPostprocessAllAssets 5.082ms
			InputActionJsonNameModifierAssetProcessor.OnPostprocessAllAssets 4.541ms
			TextAssetPostProcessor.OnPostprocessAllAssets 4.002ms
			InputActionAssetPostprocessor.OnPostprocessAllAssets 3.879ms
			SyncVS.PostprocessSyncProject 2.008ms
			ConfigAssetsTracker.OnPostprocessAllAssets 1.944ms
			TMPro_TexturePostProcessor.OnPostprocessAllAssets 1.407ms
			StyleCatalogPostProcessor.OnPostprocessAllAssets 0.776ms
			EnvironmentAssetPostprocessor.OnPostprocessAllAssets 0.726ms
			AudioMixerPostprocessor.OnPostprocessAllAssets 0.710ms
			ArtifactBrowserPostProcessor.OnPostprocessAllAssets 0.641ms
			ScenarioDriftAssetsTracker.OnPostprocessAllAssets 0.581ms
			SpeedTreePostProcessor.OnPostprocessAllAssets 0.418ms
			AssetEvents.OnPostprocessAllAssets 0.415ms
			ThemePostprocessor.OnPostprocessAllAssets 0.281ms
			SpeedTree9Postprocessor.OnPostprocessAllAssets 0.274ms
			AudioContainerPostProcessor.OnPostprocessAllAssets 0.263ms
	PostAssetChangesProfiler: 8.731ms
	GatherAllCurrentPrimaryImportResultRevisions: 0.063ms
	UnloadStreamsBegin: 0.182ms
	PersistCurrentRevisions: 0.639ms
	Untracked: 220.938ms

Asset Pipeline Refresh (id=db4ac848339edd54d9c26f2fdd81c337): Total: 0.049 seconds - Initiated by RefreshV2(NoUpdateAssetOptions)
Launched and connected shader compiler UnityShaderCompiler.exe after 0.07 seconds
Launched and connected shader compiler UnityShaderCompiler.exe after 0.02 seconds
Launched and connected shader compiler UnityShaderCompiler.exe after 0.02 seconds
Launched and connected shader compiler UnityShaderCompiler.exe after 0.02 seconds
Launched and connected shader compiler UnityShaderCompiler.exe after 0.02 seconds
Launched and connected shader compiler UnityShaderCompiler.exe after 0.02 seconds
Launched and connected shader compiler UnityShaderCompiler.exe after 0.03 seconds
Launched and connected shader compiler UnityShaderCompiler.exe after 0.03 seconds
Launched and connected shader compiler UnityShaderCompiler.exe after 0.03 seconds
Launched and connected shader compiler UnityShaderCompiler.exe after 0.09 seconds
Launched and connected shader compiler UnityShaderCompiler.exe after 0.02 seconds
[ScriptCompilation] Requested script compilation because: Switching to platform WebGLSupport:0
Starting: C:\Program Files\Unity\Hub\Editor\6000.6.0f1\Editor\Data\Tools\BuildPipeline\bee_backend.exe --ipc --defer-dag-verification --dagfile="Library/Bee/2000b0aE.dag" --continue-on-failure --profile="Library/Bee/backend1.traceevents" ScriptAssemblies
WorkingDir: C:/Users/RAJATH M P/OneDrive/Desktop/heart
ExitCode: 4 Duration: 0s128ms
[             ] Require frontend run.  Library/Bee/2000b0aE.dag couldn't be loaded
Starting: C:\Program Files\Unity\Hub\Editor\6000.6.0f1\Editor\Data\DotNetSdk\dotnet.exe "C:\Program Files\Unity\Hub\Editor\6000.6.0f1\Editor\Data\Tools\BuildPipeline\ScriptCompilationBuildProgram.exe" "Library/Bee/2000b0aE.dag.json" "Library/Bee/2000b0aE-inputdata.json" "Library\Bee\buildprogram0.traceevents"
WorkingDir: C:/Users/RAJATH M P/OneDrive/Desktop/heart
Asset Pipeline Refresh (id=d04d69e7b848da342b91e5bbf7a9d19f): Total: 0.021 seconds - Initiated by RefreshV2(NoUpdateAssetOptions)
ExitCode: 0 Duration: 3s615ms
Starting: C:\Program Files\Unity\Hub\Editor\6000.6.0f1\Editor\Data\Tools\BuildPipeline\bee_backend.exe --ipc --defer-dag-verification --dagfile="Library/Bee/2000b0aE.dag" --continue-on-failure --dagfilejson="Library\Bee\2000b0aE.dag.json" --profile="Library/Bee/backend2.traceevents" ScriptAssemblies
WorkingDir: C:/Users/RAJATH M P/OneDrive/Desktop/heart
ExitCode: 0 Duration: 35s
Finished compiling graph: 588 nodes, 9311 flattened edges (8147 ToBuild, 78 ToUse), maximum node priority 558
[141/585    0s] WriteText Library/Bee/artifacts/2000b0aE.dag/UnityEngine.TestRunner.UnityAdditionalFile.txt
[162/585    0s] WriteText Library/Bee/artifacts/2000b0aE.dag/UnityEngine.UI.dll.mvfrm.rsp
[163/585    0s] WriteText Library/Bee/artifacts/2000b0aE.dag/UnityEngine.TestRunner.rsp2
[164/585    0s] WriteText Library/Bee/artifacts/2000b0aE.dag/UnityEditor.TestRunner.rsp2
[165/585    0s] WriteText Library/Bee/artifacts/2000b0aE.dag/UnityEngine.UI.UnityAdditionalFile.txt
[166/585    0s] WriteText Library/Bee/artifacts/2000b0aE.dag/UnityEngine.UI.rsp
[167/585    0s] WriteText Library/Bee/artifacts/2000b0aE.dag/UnityEditor.UI.UnityAdditionalFile.txt
[168/585    0s] WriteText Library/Bee/artifacts/2000b0aE.dag/UnityEditor.UI.dll.mvfrm.rsp
[169/585    0s] WriteText Library/Bee/artifacts/2000b0aE.dag/UnityEditor.UI.rsp
[170/585    0s] WriteText Library/Bee/artifacts/2000b0aE.dag/UnityEditor.TestRunner.UnityAdditionalFile.txt
[171/585    0s] WriteText Library/Bee/artifacts/2000b0aE.dag/UnityEngine.TestRunner.dll.mvfrm.rsp
[172/585    0s] WriteText Library/Bee/artifacts/2000b0aE.dag/UnityEngine.UI.rsp2
[173/585    0s] WriteText Library/Bee/artifacts/2000b0aE.dag/Unity.InputSystem.UnityAdditionalFile.txt
[174/585    0s] WriteText Library/Bee/artifacts/2000b0aE.dag/UnityEditor.TestRunner.dll.mvfrm.rsp
[175/585    0s] WriteText Library/Bee/artifacts/2000b0aE.dag/UnityEngine.TestRunner.rsp
[176/585    0s] WriteText Library/Bee/artifacts/2000b0aE.dag/UnityEditor.TestRunner.rsp
[177/585    0s] WriteText Library/Bee/artifacts/2000b0aE.dag/UnityEditor.UI.rsp2
[178/585    0s] WriteText Library/Bee/artifacts/2000b0aE.dag/Unity.InputSystem.rsp2
[179/585    0s] WriteText Library/Bee/artifacts/2000b0aE.dag/UnityEngine.SpatialTracking.rsp2
[180/585    0s] WriteText Library/Bee/artifacts/2000b0aE.dag/UnityEngine.SpatialTracking.UnityAdditionalFile.txt
[181/585    0s] WriteText Library/Bee/artifacts/2000b0aE.dag/Unity.XR.CoreUtils.UnityAdditionalFile.txt
[182/585    0s] WriteText Library/Bee/artifacts/2000b0aE.dag/Unity.XR.CoreUtils.rsp2
[183/585    0s] WriteText Library/Bee/artifacts/2000b0aE.dag/Unity.InputSystem.dll.mvfrm.rsp
[184/585    0s] WriteText Library/Bee/artifacts/2000b0aE.dag/Unity.InputSystem.rsp
[185/585    0s] WriteText Library/Bee/artifacts/2000b0aE.dag/UnityEngine.SpatialTracking.dll.mvfrm.rsp
[186/585    0s] WriteText Library/Bee/artifacts/2000b0aE.dag/UnityEngine.SpatialTracking.rsp
[187/585    0s] WriteText Library/Bee/artifacts/2000b0aE.dag/Unity.XR.CoreUtils.rsp
[188/585    0s] WriteText Library/Bee/artifacts/2000b0aE.dag/Unity.XR.Management.rsp2
[189/585    0s] WriteText Library/Bee/artifacts/2000b0aE.dag/Unity.XR.Management.UnityAdditionalFile.txt
[190/585    0s] WriteText Library/Bee/artifacts/2000b0aE.dag/Unity.XR.CoreUtils.dll.mvfrm.rsp
[191/585    0s] WriteText Library/Bee/artifacts/2000b0aE.dag/Unity.XR.ARSubsystems.UnityAdditionalFile.txt
[192/585    0s] WriteText Library/Bee/artifacts/2000b0aE.dag/Unity.XR.Management.dll.mvfrm.rsp
[193/585    0s] WriteText Library/Bee/artifacts/2000b0aE.dag/Unity.XR.ARFoundation.InternalUtils.UnityAdditionalFile.txt
[194/585    0s] WriteText Library/Bee/artifacts/2000b0aE.dag/Unity.XR.ARSubsystems.rsp
[195/585    0s] WriteText Library/Bee/artifacts/2000b0aE.dag/Unity.XR.ARSubsystems.dll.mvfrm.rsp
[196/585    0s] WriteText Library/Bee/artifacts/2000b0aE.dag/Unity.XR.ARFoundation.InternalUtils.rsp2
[197/585    0s] WriteText Library/Bee/artifacts/2000b0aE.dag/Unity.XR.Management.rsp
[198/585    0s] WriteText Library/Bee/artifacts/2000b0aE.dag/Unity.XR.ARSubsystems.rsp2
[199/585    0s] WriteText Library/Bee/artifacts/2000b0aE.dag/Unity.XR.ARFoundation.InternalUtils.dll.mvfrm.rsp
[200/585    0s] WriteText Library/Bee/artifacts/2000b0aE.dag/Unity.XR.CoreUtils.Editor.rsp2
[201/585    0s] WriteText Library/Bee/artifacts/2000b0aE.dag/Unity.XR.CoreUtils.Editor.UnityAdditionalFile.txt
[202/585    0s] WriteText Library/Bee/artifacts/2000b0aE.dag/Unity.XR.ARFoundation.InternalUtils.rsp
[203/585    0s] WriteText Library/Bee/artifacts/2000b0aE.dag/Unity.XR.CoreUtils.Editor.dll.mvfrm.rsp
[204/585    0s] WriteText Library/Bee/artifacts/2000b0aE.dag/Unity.XR.CoreUtils.Editor.rsp
[205/585    0s] WriteText Library/Bee/artifacts/2000b0aE.dag/Unity.XR.ARFoundation.rsp2
[206/585    0s] WriteText Library/Bee/artifacts/2000b0aE.dag/Unity.XR.ARFoundation.UnityAdditionalFile.txt
[207/585    0s] WriteText Library/Bee/artifacts/2000b0aE.dag/Unity.InternalAPIEngineBridge.004.rsp2
[208/585    0s] WriteText Library/Bee/artifacts/2000b0aE.dag/Unity.XR.ARFoundation.rsp
[209/585    0s] WriteText Library/Bee/artifacts/2000b0aE.dag/Unity.InternalAPIEngineBridge.004.UnityAdditionalFile.txt
[210/585    0s] WriteText Library/Bee/artifacts/2000b0aE.dag/Unity.XR.ARFoundation.dll.mvfrm.rsp
[211/585    0s] WriteText Library/Bee/artifacts/2000b0aE.dag/Unity.XR.Management.Editor.rsp2
[212/585    0s] WriteText Library/Bee/artifacts/2000b0aE.dag/Unity.Mathematics.UnityAdditionalFile.txt
[213/585    0s] WriteText Library/Bee/artifacts/2000b0aE.dag/Unity.XR.Management.Editor.dll.mvfrm.rsp
[214/585    0s] WriteText Library/Bee/artifacts/2000b0aE.dag/Unity.XR.Management.Editor.UnityAdditionalFile.txt
[215/585    0s] WriteText Library/Bee/artifacts/2000b0aE.dag/Unity.XR.Management.Editor.rsp
[216/585    0s] WriteText Library/Bee/artifacts/2000b0aE.dag/Unity.Mathematics.rsp2
[217/585    0s] WriteText Library/Bee/artifacts/2000b0aE.dag/Unity.XR.ARAnalytics.Editor.rsp2
[218/585    0s] WriteText Library/Bee/artifacts/2000b0aE.dag/Unity.Mathematics.rsp
[219/585    0s] WriteText Library/Bee/artifacts/2000b0aE.dag/Unity.Mathematics.dll.mvfrm.rsp
[220/585    0s] WriteText Library/Bee/artifacts/2000b0aE.dag/Unity.XR.ARAnalytics.Editor.UnityAdditionalFile.txt
[221/585    0s] WriteText Library/Bee/artifacts/2000b0aE.dag/Unity.TextMeshPro.UnityAdditionalFile.txt
[222/585    0s] WriteText Library/Bee/artifacts/2000b0aE.dag/Unity.InternalAPIEngineBridge.004.rsp
[223/585    0s] WriteText Library/Bee/artifacts/2000b0aE.dag/Unity.TextMeshPro.rsp2
[224/585    0s] WriteText Library/Bee/artifacts/2000b0aE.dag/Unity.InternalAPIEngineBridge.004.dll.mvfrm.rsp
[225/585    0s] WriteText Library/Bee/artifacts/2000b0aE.dag/Unity.InputSystem.ForUI.UnityAdditionalFile.txt
[226/585    0s] WriteText Library/Bee/artifacts/2000b0aE.dag/Unity.InputSystem.ForUI.rsp2
[227/585    0s] WriteText Library/Bee/artifacts/2000b0aE.dag/UnityEngine.XR.LegacyInputHelpers.rsp2
[228/585    0s] WriteText Library/Bee/artifacts/2000b0aE.dag/Unity.XR.ARCore.UnityAdditionalFile.txt
[229/585    0s] WriteText Library/Bee/artifacts/2000b0aE.dag/Unity.EditorCoroutines.Editor.rsp2
[230/585    0s] WriteText Library/Bee/artifacts/2000b0aE.dag/Unity.XR.Simulation.rsp2
[231/585    0s] WriteText Library/Bee/artifacts/2000b0aE.dag/Unity.EditorCoroutines.Editor.UnityAdditionalFile.txt
[232/585    0s] WriteText Library/Bee/artifacts/2000b0aE.dag/UnityEngine.XR.LegacyInputHelpers.UnityAdditionalFile.txt
[233/585    0s] WriteText Library/Bee/artifacts/2000b0aE.dag/Unity.XR.Simulation.UnityAdditionalFile.txt
[234/585    0s] WriteText Library/Bee/artifacts/2000b0aE.dag/Unity.XR.ARCore.rsp2
[235/585    0s] WriteText Library/Bee/artifacts/2000b0aE.dag/Unity.XR.ARSubsystems.Editor.rsp2
[236/585    0s] WriteText Library/Bee/artifacts/2000b0aE.dag/Unity.XR.ARSubsystems.Editor.UnityAdditionalFile.txt
[237/585    0s] WriteText Library/Bee/artifacts/2000b0aE.dag/Unity.XR.ARFoundation.VisualScripting.UnityAdditionalFile.txt
[238/585    0s] WriteText Library/Bee/artifacts/2000b0aE.dag/Unity.XR.ARFoundation.VisualScripting.rsp2
[239/585    0s] WriteText Library/Bee/artifacts/2000b0aE.dag/Unity.XR.ARAnalytics.Editor.dll.mvfrm.rsp
[240/585    0s] WriteText Library/Bee/artifacts/2000b0aE.dag/Unity.TextMeshPro.dll.mvfrm.rsp
[241/585    0s] WriteText Library/Bee/artifacts/2000b0aE.dag/Unity.TextMeshPro.rsp
[242/585    0s] WriteText Library/Bee/artifacts/2000b0aE.dag/Unity.XR.ARCore.dll.mvfrm.rsp
[243/585    0s] WriteText Library/Bee/artifacts/2000b0aE.dag/Unity.EditorCoroutines.Editor.dll.mvfrm.rsp
[244/585    0s] WriteText Library/Bee/artifacts/2000b0aE.dag/Unity.XR.ARSubsystems.Editor.dll.mvfrm.rsp
[245/585    0s] WriteText Library/Bee/artifacts/2000b0aE.dag/Unity.InputSystem.ForUI.dll.mvfrm.rsp
[246/585    0s] WriteText Library/Bee/artifacts/2000b0aE.dag/Unity.XR.ARAnalytics.Editor.rsp
[247/585    0s] WriteText Library/Bee/artifacts/2000b0aE.dag/Unity.XR.ARFoundation.VisualScripting.dll.mvfrm.rsp
[248/585    0s] WriteText Library/Bee/artifacts/2000b0aE.dag/Unity.EditorCoroutines.Editor.rsp
[249/585    0s] WriteText Library/Bee/artifacts/2000b0aE.dag/UnityEngine.XR.LegacyInputHelpers.dll.mvfrm.rsp
[250/585    0s] WriteText Library/Bee/artifacts/2000b0aE.dag/Unity.XR.ARCore.rsp
[251/585    0s] WriteText Library/Bee/artifacts/2000b0aE.dag/Unity.XR.Simulation.dll.mvfrm.rsp
[252/585    0s] WriteText Library/Bee/artifacts/2000b0aE.dag/Unity.XR.ARFoundation.VisualScripting.rsp
[253/585    0s] WriteText Library/Bee/artifacts/2000b0aE.dag/Unity.InputSystem.ForUI.rsp
[254/585    0s] WriteText Library/Bee/artifacts/2000b0aE.dag/Unity.XR.Simulation.rsp
[255/585    0s] WriteText Library/Bee/artifacts/2000b0aE.dag/Unity.VisualStudio.Editor.rsp2
[256/585    0s] WriteText Library/Bee/artifacts/2000b0aE.dag/Unity.InputSystem.ForUI.Editor.UnityAdditionalFile.txt
[257/585    0s] WriteText Library/Bee/artifacts/2000b0aE.dag/Unity.InputSystem.ForUI.Editor.rsp2
[258/585    0s] WriteText Library/Bee/artifacts/2000b0aE.dag/Unity.VisualStudio.Editor.UnityAdditionalFile.txt
[259/585    0s] WriteText Library/Bee/artifacts/2000b0aE.dag/UnityEditor.XR.LegacyInputHelpers.rsp2
[260/585    0s] WriteText Library/Bee/artifacts/2000b0aE.dag/UnityEngine.XR.LegacyInputHelpers.rsp
[261/585    0s] WriteText Library/Bee/artifacts/2000b0aE.dag/Unity.Rider.Editor.rsp2
[262/585    0s] WriteText Library/Bee/artifacts/2000b0aE.dag/Unity.XR.ARSubsystems.Editor.rsp
[263/585    0s] WriteText Library/Bee/artifacts/2000b0aE.dag/Unity.TextMeshPro.Editor.UnityAdditionalFile.txt
[264/585    0s] WriteText Library/Bee/artifacts/2000b0aE.dag/Unity.TextMeshPro.Editor.rsp2
[265/585    0s] WriteText Library/Bee/artifacts/2000b0aE.dag/Unity.XR.ARCore.Editor.UnityAdditionalFile.txt
[266/585    0s] WriteText Library/Bee/artifacts/2000b0aE.dag/Unity.XR.ARFoundation.Editor.UnityAdditionalFile.txt
[267/585    0s] WriteText Library/Bee/artifacts/2000b0aE.dag/Unity.XR.ARFoundation.Editor.rsp2
[268/585    0s] WriteText Library/Bee/artifacts/2000b0aE.dag/Unity.XR.ARFoundation.InternalUtils.Editor.UnityAdditionalFile.txt
[269/585    0s] WriteText Library/Bee/artifacts/2000b0aE.dag/Unity.XR.ARCore.Editor.rsp2
[270/585    0s] WriteText Library/Bee/artifacts/2000b0aE.dag/Unity.Rider.Editor.UnityAdditionalFile.txt
[271/585    0s] WriteText Library/Bee/artifacts/2000b0aE.dag/Unity.XR.ARFoundation.VisualScripting.Editor.UnityAdditionalFile.txt
[272/585    0s] WriteText Library/Bee/artifacts/2000b0aE.dag/Unity.XR.ARFoundation.InternalUtils.Editor.rsp2
[273/585    0s] WriteText Library/Bee/artifacts/2000b0aE.dag/Unity.XR.Simulation.Editor.rsp2
[274/585    0s] WriteText Library/Bee/artifacts/2000b0aE.dag/Unity.XR.Simulation.Editor.UnityAdditionalFile.txt
[275/585    0s] WriteText Library/Bee/artifacts/2000b0aE.dag/Unity.XR.ARFoundation.VisualScripting.Editor.rsp2
[276/585    0s] WriteText Library/Bee/artifacts/2000b0aE.dag/UnityEditor.SpatialTracking.rsp2
[277/585    0s] WriteText Library/Bee/artifacts/2000b0aE.dag/UnityEditor.SpatialTracking.UnityAdditionalFile.txt
[278/585    0s] WriteText Library/Bee/artifacts/2000b0aE.dag/UnityEditor.UI.Analytics.UnityAdditionalFile.txt
[279/585    0s] WriteText Library/Bee/artifacts/2000b0aE.dag/UnityEditor.XR.LegacyInputHelpers.UnityAdditionalFile.txt
[280/585    0s] WriteText Library/Bee/artifacts/2000b0aE.dag/UnityEditor.UI.Analytics.rsp2
[281/585    0s] WriteText Library/Bee/artifacts/2000b0aE.dag/Unity.Rider.Editor.dll.mvfrm.rsp
[282/585    0s] WriteText Library/Bee/artifacts/2000b0aE.dag/Unity.XR.Simulation.Editor.dll.mvfrm.rsp
[283/585    0s] WriteText Library/Bee/artifacts/2000b0aE.dag/Unity.XR.ARFoundation.InternalUtils.Editor.dll.mvfrm.rsp
[284/585    0s] WriteText Library/Bee/artifacts/2000b0aE.dag/Unity.VisualStudio.Editor.dll.mvfrm.rsp
[285/585    0s] WriteText Library/Bee/artifacts/2000b0aE.dag/Unity.TextMeshPro.Editor.dll.mvfrm.rsp
[286/585    0s] WriteText Library/Bee/artifacts/2000b0aE.dag/UnityEditor.XR.LegacyInputHelpers.dll.mvfrm.rsp
[287/585    0s] WriteText Library/Bee/artifacts/2000b0aE.dag/UnityEditor.SpatialTracking.dll.mvfrm.rsp
[288/585    0s] WriteText Library/Bee/artifacts/2000b0aE.dag/Unity.XR.ARCore.Editor.dll.mvfrm.rsp
[289/585    0s] WriteText Library/Bee/artifacts/2000b0aE.dag/Unity.XR.ARFoundation.Editor.dll.mvfrm.rsp
[290/585    0s] WriteText Library/Bee/artifacts/2000b0aE.dag/Unity.XR.ARFoundation.VisualScripting.Editor.dll.mvfrm.rsp
[291/585    0s] WriteText Library/Bee/artifacts/2000b0aE.dag/UnityEditor.UI.Analytics.dll.mvfrm.rsp
[292/585    0s] WriteText Library/Bee/artifacts/2000b0aE.dag/Unity.InputSystem.ForUI.Editor.dll.mvfrm.rsp
[293/585    0s] WriteText Library/Bee/artifacts/2000b0aE.dag/Unity.VisualStudio.Editor.rsp
[294/585    0s] WriteText Library/Bee/artifacts/2000b0aE.dag/Unity.XR.ARCore.Editor.rsp
[295/585    0s] WriteText Library/Bee/artifacts/2000b0aE.dag/Unity.Rider.Editor.rsp
[296/585    0s] WriteText Library/Bee/artifacts/2000b0aE.dag/Unity.XR.ARFoundation.VisualScripting.Editor.rsp
[297/585    0s] WriteText Library/Bee/artifacts/2000b0aE.dag/Unity.XR.Simulation.Editor.rsp
[298/585    0s] WriteText Library/Bee/artifacts/2000b0aE.dag/Unity.XR.ARFoundation.Editor.rsp
[299/585    0s] WriteText Library/Bee/artifacts/2000b0aE.dag/Unity.InputSystem.ForUI.Editor.rsp
[300/585    0s] WriteText Library/Bee/artifacts/2000b0aE.dag/UnityEditor.SpatialTracking.rsp
[301/585    0s] WriteText Library/Bee/artifacts/2000b0aE.dag/Unity.XR.ARFoundation.InternalUtils.Editor.rsp
[302/585    0s] WriteText Library/Bee/artifacts/2000b0aE.dag/UnityEditor.UI.Analytics.rsp
[303/585    0s] WriteText Library/Bee/artifacts/2000b0aE.dag/UnityEditor.XR.LegacyInputHelpers.rsp
[304/585    0s] WriteText Library/Bee/artifacts/2000b0aE.dag/Unity.TextMeshPro.Editor.rsp
[305/585    0s] WriteText Library/Bee/artifacts/2000b0aE.dag/Unity.InputSystem.TestFramework.dll.mvfrm.rsp
[306/585    0s] WriteText Library/Bee/artifacts/2000b0aE.dag/Assembly-CSharp.dll.mvfrm.rsp
[307/585    0s] WriteText Library/Bee/artifacts/2000b0aE.dag/Unity.InputSystem.DocCodeSamples.dll.mvfrm.rsp
[308/585    0s] WriteText Library/Bee/artifacts/2000b0aE.dag/Unity.InputSystem.TestFramework.rsp2
[309/585    0s] WriteText Library/Bee/artifacts/2000b0aE.dag/Assembly-CSharp.rsp2
[310/585    0s] WriteText Library/Bee/artifacts/2000b0aE.dag/Unity.InputSystem.TestFramework.UnityAdditionalFile.txt
[311/585    0s] WriteText Library/Bee/artifacts/2000b0aE.dag/Assembly-CSharp.UnityAdditionalFile.txt
[312/585    0s] WriteText Library/Bee/artifacts/2000b0aE.dag/Unity.InputSystem.DocCodeSamples.rsp2
[313/585    0s] WriteText Library/Bee/artifacts/2000b0aE.dag/Unity.InputSystem.TestFramework.rsp
[314/585    0s] WriteText Library/Bee/artifacts/2000b0aE.dag/Unity.InputSystem.DocCodeSamples.UnityAdditionalFile.txt
[315/585    0s] WriteText Library/Bee/artifacts/2000b0aE.dag/Unity.InputSystem.DocCodeSamples.rsp
[316/585    0s] WriteResponseFile Library/Bee/artifacts/rsp/10307860231964595937.rsp
[317/585    0s] WriteResponseFile Library/Bee/artifacts/rsp/13533216416878207048.rsp
[318/585    0s] WriteResponseFile Library/Bee/artifacts/rsp/10376552923787358332.rsp
[319/585    0s] WriteResponseFile Library/Bee/artifacts/rsp/3729887623031042230.rsp
[320/585    0s] WriteResponseFile Library/Bee/artifacts/rsp/3037372816226278216.rsp
[321/585    0s] WriteResponseFile Library/Bee/artifacts/rsp/13911084212157061347.rsp
[322/585    0s] WriteResponseFile Library/Bee/artifacts/rsp/9594543228266602487.rsp
[323/585    0s] WriteResponseFile Library/Bee/artifacts/rsp/3118966511047783685.rsp
[324/585    0s] WriteText Library/Bee/artifacts/2000b0aE.dag/Assembly-CSharp.rsp
[325/585    0s] WriteResponseFile Library/Bee/artifacts/rsp/15956054308205186054.rsp
[326/585    0s] WriteResponseFile Library/Bee/artifacts/rsp/18217130083848221783.rsp
[327/585    0s] WriteResponseFile Library/Bee/artifacts/rsp/11414900639073075131.rsp
[328/585    0s] WriteResponseFile Library/Bee/artifacts/rsp/6396608217349215070.rsp
[329/585    0s] WriteResponseFile Library/Bee/artifacts/rsp/14058813425771019585.rsp
[330/585    0s] WriteResponseFile Library/Bee/artifacts/rsp/8482688470812278116.rsp
[331/585    0s] WriteResponseFile Library/Bee/artifacts/rsp/4578819986643379617.rsp
[332/585    0s] WriteResponseFile Library/Bee/artifacts/rsp/10746227388266335481.rsp
[333/585    0s] WriteResponseFile Library/Bee/artifacts/rsp/8542837875481535423.rsp
[334/585    0s] WriteResponseFile Library/Bee/artifacts/rsp/8009191425849366242.rsp
[335/585    0s] WriteResponseFile Library/Bee/artifacts/rsp/15107251632428794743.rsp
[336/585    0s] WriteResponseFile Library/Bee/artifacts/rsp/6543446363789621124.rsp
[337/585    0s] WriteResponseFile Library/Bee/artifacts/rsp/3511320077109270893.rsp
[338/585    0s] WriteResponseFile Library/Bee/artifacts/rsp/5346821822206480584.rsp
[339/585    0s] WriteResponseFile Library/Bee/artifacts/rsp/3783833537839674236.rsp
[340/585    0s] WriteResponseFile Library/Bee/artifacts/rsp/5622266516000910904.rsp
[341/585    0s] WriteResponseFile Library/Bee/artifacts/rsp/5094194044562797102.rsp
[342/585    0s] WriteResponseFile Library/Bee/artifacts/rsp/3123469980143171989.rsp
[343/585    0s] WriteResponseFile Library/Bee/artifacts/rsp/5602815725026057231.rsp
[344/585    0s] WriteResponseFile Library/Bee/artifacts/rsp/1153222045816729849.rsp
[345/585    0s] WriteResponseFile Library/Bee/artifacts/rsp/16554142345030761130.rsp
[346/585    0s] WriteResponseFile Library/Bee/artifacts/rsp/7668679593555154362.rsp
[347/585    0s] WriteResponseFile Library/Bee/artifacts/rsp/3686788067264768657.rsp
[348/585    0s] WriteResponseFile Library/Bee/artifacts/rsp/9141842191940244023.rsp
[349/585    0s] WriteResponseFile Library/Bee/artifacts/rsp/16418167564528004098.rsp
[350/585    0s] WriteResponseFile Library/Bee/artifacts/rsp/5138823106612435834.rsp
[351/585    0s] WriteResponseFile Library/Bee/artifacts/rsp/3532273548507595726.rsp
[352/585    0s] WriteResponseFile Library/Bee/artifacts/rsp/9891893477969888860.rsp
[353/585    0s] WriteResponseFile Library/Bee/artifacts/rsp/5427167397233511250.rsp
[354/585    0s] ILPP-Configuration Library/ilpp-configuration.nevergeneratedoutput
[355/585    0s] MovedFromExtractor Library/Bee/artifacts/mvdfrm/UnityEngine.WebGLModule.dll_DE4E8CA1A102AB49.mvfrm
[356/585    0s] MovedFromExtractor-Combine Library/Bee/artifacts/2000b0aE.dag/UnityEngine.UI.dll.mvfrm
[357/585    0s] MovedFromExtractor-Combine Library/Bee/artifacts/2000b0aE.dag/UnityEngine.TestRunner.dll.mvfrm
[           0s] Csc Library/Bee/artifacts/2000b0aE.dag/UnityEngine.UI.dll (+2 others) [CacheMiss 37ecf3c2b63844a9a4210b2f883599ba00000000000000000000000000000006]
[           0s] Csc Library/Bee/artifacts/2000b0aE.dag/UnityEngine.TestRunner.dll (+2 others) [CacheMiss 79951a359ddec6f5000d40e95244cdb700000000000000000000000000000006]
[BUSY       6s] Csc Library/Bee/artifacts/2000b0aE.dag/UnityEngine.TestRunner.dll (+2 others)
[BUSY      11s] Csc Library/Bee/artifacts/2000b0aE.dag/UnityEngine.UI.dll (+2 others)
[358/585   14s] Csc Library/Bee/artifacts/2000b0aE.dag/UnityEngine.TestRunner.dll (+2 others)
[359/585   14s] Csc Library/Bee/artifacts/2000b0aE.dag/UnityEngine.UI.dll (+2 others)
[           0s] Csc Library/Bee/artifacts/2000b0aE.dag/UnityEngine.TestRunner.dll (+2 others) [CacheWrite 79951a359ddec6f5000d40e95244cdb700000000000000000000000000000006]
[           0s] Csc Library/Bee/artifacts/2000b0aE.dag/UnityEngine.UI.dll (+2 others) [CacheWrite 37ecf3c2b63844a9a4210b2f883599ba00000000000000000000000000000006]
[360/585    0s] ILPostProcess Library/Bee/artifacts/2000b0aE.dag/post-processed/UnityEngine.TestRunner.dll (+pdb)
Processing assembly Library/Bee/artifacts/2000b0aE.dag/UnityEngine.TestRunner.dll, with 126 defines and 283 references

processors: zzzUnity.Burst.CodeGen.BurstILPostProcessor

1 processor(s) skipped this assembly
[361/585    0s] MovedFromExtractor Library/Bee/artifacts/mvdfrm/UnityEngine.TestRunner.ref.dll_50E26CF31C06CD18.mvfrm
[362/585    0s] CopyFiles Library/ScriptAssemblies/UnityEngine.TestRunner.pdb
[363/585    0s] ILPostProcess Library/Bee/artifacts/2000b0aE.dag/post-processed/UnityEngine.UI.dll (+pdb)
Processing assembly Library/Bee/artifacts/2000b0aE.dag/UnityEngine.UI.dll, with 131 defines and 286 references

processors: zzzUnity.Burst.CodeGen.BurstILPostProcessor

1 processor(s) skipped this assembly
[364/585    0s] CopyFiles Library/ScriptAssemblies/UnityEngine.UI.pdb
[365/585    0s] MovedFromExtractor Library/Bee/artifacts/mvdfrm/UnityEngine.UI.ref.dll_7A28423D4A766FDA.mvfrm
[366/585    0s] CopyFiles Library/ScriptAssemblies/UnityEngine.TestRunner.dll
[367/585    0s] CopyFiles Library/ScriptAssemblies/UnityEngine.UI.dll
[368/585    0s] MovedFromExtractor-Combine Library/Bee/artifacts/2000b0aE.dag/UnityEditor.TestRunner.dll.mvfrm
[           0s] Csc Library/Bee/artifacts/2000b0aE.dag/UnityEditor.TestRunner.dll (+2 others) [CacheMiss 44caf30b9500125f5cebf13b1656f62300000000000000000000000000000006]
[369/585    4s] Csc Library/Bee/artifacts/2000b0aE.dag/UnityEditor.TestRunner.dll (+2 others)
[           0s] Csc Library/Bee/artifacts/2000b0aE.dag/UnityEditor.TestRunner.dll (+2 others) [CacheWrite 44caf30b9500125f5cebf13b1656f62300000000000000000000000000000006]
[370/585    0s] MovedFromExtractor Library/Bee/artifacts/mvdfrm/UnityEditor.TestRunner.ref.dll_84C42244F0436F2D.mvfrm
[371/585    0s] ILPostProcess Library/Bee/artifacts/2000b0aE.dag/post-processed/UnityEditor.TestRunner.dll (+pdb)
Processing assembly Library/Bee/artifacts/2000b0aE.dag/UnityEditor.TestRunner.dll, with 124 defines and 298 references

processors: zzzUnity.Burst.CodeGen.BurstILPostProcessor

1 processor(s) skipped this assembly
[372/585    0s] CopyFiles Library/ScriptAssemblies/UnityEditor.TestRunner.pdb
[373/585    0s] CopyFiles Library/ScriptAssemblies/UnityEditor.TestRunner.dll
[374/585    0s] MovedFromExtractor-Combine Library/Bee/artifacts/2000b0aE.dag/UnityEditor.UI.dll.mvfrm
[           0s] Csc Library/Bee/artifacts/2000b0aE.dag/UnityEditor.UI.dll (+2 others) [CacheMiss 620191f883233d46f399d85fd8629f4f00000000000000000000000000000006]
[375/585    0s] Csc Library/Bee/artifacts/2000b0aE.dag/UnityEditor.UI.dll (+2 others)
[           0s] Csc Library/Bee/artifacts/2000b0aE.dag/UnityEditor.UI.dll (+2 others) [CacheWrite 620191f883233d46f399d85fd8629f4f00000000000000000000000000000006]
[376/585    0s] MovedFromExtractor Library/Bee/artifacts/mvdfrm/UnityEditor.UI.ref.dll_BDC26BE24454476F.mvfrm
[377/585    0s] ILPostProcess Library/Bee/artifacts/2000b0aE.dag/post-processed/UnityEditor.UI.dll (+pdb)
Processing assembly Library/Bee/artifacts/2000b0aE.dag/UnityEditor.UI.dll, with 126 defines and 301 references

processors: zzzUnity.Burst.CodeGen.BurstILPostProcessor

1 processor(s) skipped this assembly
[378/585    0s] MovedFromExtractor-Combine Library/Bee/artifacts/2000b0aE.dag/Unity.XR.Management.dll.mvfrm
[379/585    0s] MovedFromExtractor-Combine Library/Bee/artifacts/2000b0aE.dag/Unity.Mathematics.dll.mvfrm
[380/585    0s] CopyFiles Library/ScriptAssemblies/UnityEditor.UI.pdb
[381/585    0s] MovedFromExtractor-Combine Library/Bee/artifacts/2000b0aE.dag/UnityEngine.SpatialTracking.dll.mvfrm
[382/585    0s] MovedFromExtractor-Combine Library/Bee/artifacts/2000b0aE.dag/Unity.InternalAPIEngineBridge.004.dll.mvfrm
[383/585    0s] MovedFromExtractor-Combine Library/Bee/artifacts/2000b0aE.dag/Unity.EditorCoroutines.Editor.dll.mvfrm
[384/585    0s] MovedFromExtractor-Combine Library/Bee/artifacts/2000b0aE.dag/Unity.InputSystem.dll.mvfrm
[385/585    0s] MovedFromExtractor-Combine Library/Bee/artifacts/2000b0aE.dag/Unity.Rider.Editor.dll.mvfrm
[386/585    0s] MovedFromExtractor-Combine Library/Bee/artifacts/2000b0aE.dag/Unity.VisualStudio.Editor.dll.mvfrm
[           0s] Csc Library/Bee/artifacts/2000b0aE.dag/Unity.Mathematics.dll (+2 others) [CacheMiss fa698f5d9dde260695b7dabb92741cce00000000000000000000000000000006]
[           0s] Csc Library/Bee/artifacts/2000b0aE.dag/Unity.XR.Management.dll (+2 others) [CacheMiss 190b00443a86c9b39ef4be305c0fa9fd00000000000000000000000000000006]
[           0s] Csc Library/Bee/artifacts/2000b0aE.dag/Unity.InternalAPIEngineBridge.004.dll (+2 others) [CacheMiss 97fe704566e0916b14b0e65393a0eee200000000000000000000000000000006]
[           0s] Csc Library/Bee/artifacts/2000b0aE.dag/UnityEngine.SpatialTracking.dll (+2 others) [CacheMiss a1ce5261219896f15dfa33dbcc2b2eac00000000000000000000000000000006]
[           0s] Csc Library/Bee/artifacts/2000b0aE.dag/Unity.EditorCoroutines.Editor.dll (+2 others) [CacheMiss 84962428435eb1487a4782367c17e41800000000000000000000000000000006]
[           0s] Csc Library/Bee/artifacts/2000b0aE.dag/Unity.InputSystem.dll (+2 others) [CacheMiss 4a4569b449196064598d084501c72ba600000000000000000000000000000006]
[           0s] Csc Library/Bee/artifacts/2000b0aE.dag/Unity.Rider.Editor.dll (+2 others) [CacheMiss 86172411945d29e41ace0fe191c43a7c00000000000000000000000000000006]
[           0s] Csc Library/Bee/artifacts/2000b0aE.dag/Unity.VisualStudio.Editor.dll (+2 others) [CacheMiss df7b787e78e7876b8e4e4c14d9170e3d00000000000000000000000000000006]
[387/585    0s] CopyFiles Library/ScriptAssemblies/UnityEditor.UI.dll
[388/585    0s] Csc Library/Bee/artifacts/2000b0aE.dag/Unity.Mathematics.dll (+2 others)
[           0s] Csc Library/Bee/artifacts/2000b0aE.dag/Unity.Mathematics.dll (+2 others) [CacheWrite fa698f5d9dde260695b7dabb92741cce00000000000000000000000000000006]
[389/585    1s] Csc Library/Bee/artifacts/2000b0aE.dag/Unity.InternalAPIEngineBridge.004.dll (+2 others)
[390/585    0s] ILPostProcess Library/Bee/artifacts/2000b0aE.dag/post-processed/Unity.Mathematics.dll (+pdb)
Processing assembly Library/Bee/artifacts/2000b0aE.dag/Unity.Mathematics.dll, with 125 defines and 288 references

processors: zzzUnity.Burst.CodeGen.BurstILPostProcessor

1 processor(s) skipped this assembly
[391/585    1s] Csc Library/Bee/artifacts/2000b0aE.dag/Unity.EditorCoroutines.Editor.dll (+2 others)
[392/585    1s] Csc Library/Bee/artifacts/2000b0aE.dag/UnityEngine.SpatialTracking.dll (+2 others)
[393/585    0s] CopyFiles Library/ScriptAssemblies/Unity.Mathematics.pdb
[394/585    0s] CopyFiles Library/ScriptAssemblies/Unity.Mathematics.dll
[395/585    1s] Csc Library/Bee/artifacts/2000b0aE.dag/Unity.XR.Management.dll (+2 others)
[396/585    0s] MovedFromExtractor Library/Bee/artifacts/mvdfrm/Unity.Mathematics.ref.dll_9B4CF66C9079F0F4.mvfrm
[           0s] Csc Library/Bee/artifacts/2000b0aE.dag/Unity.InternalAPIEngineBridge.004.dll (+2 others) [CacheWrite 97fe704566e0916b14b0e65393a0eee200000000000000000000000000000006]
[           0s] Csc Library/Bee/artifacts/2000b0aE.dag/UnityEngine.SpatialTracking.dll (+2 others) [CacheWrite a1ce5261219896f15dfa33dbcc2b2eac00000000000000000000000000000006]
[           0s] Csc Library/Bee/artifacts/2000b0aE.dag/Unity.EditorCoroutines.Editor.dll (+2 others) [CacheWrite 84962428435eb1487a4782367c17e41800000000000000000000000000000006]
[           0s] Csc Library/Bee/artifacts/2000b0aE.dag/Unity.XR.Management.dll (+2 others) [CacheWrite 190b00443a86c9b39ef4be305c0fa9fd00000000000000000000000000000006]
[397/585    0s] MovedFromExtractor Library/Bee/artifacts/mvdfrm/UnityEngine.SpatialTracking.ref.dll_61966418253E747B.mvfrm
[398/585    0s] MovedFromExtractor Library/Bee/artifacts/mvdfrm/Unity.InternalAPIEngineBridge.004.ref.dll_3585EADC0DC70DCC.mvfrm
[399/585    0s] ILPostProcess Library/Bee/artifacts/2000b0aE.dag/post-processed/UnityEngine.SpatialTracking.dll (+pdb)
Processing assembly Library/Bee/artifacts/2000b0aE.dag/UnityEngine.SpatialTracking.dll, with 125 defines and 288 references

processors: zzzUnity.Burst.CodeGen.BurstILPostProcessor

1 processor(s) skipped this assembly
[400/585    0s] MovedFromExtractor Library/Bee/artifacts/mvdfrm/Unity.EditorCoroutines.Editor.ref.dll_63B9EB35A0645901.mvfrm
[401/585    0s] ILPostProcess Library/Bee/artifacts/2000b0aE.dag/post-processed/Unity.InternalAPIEngineBridge.004.dll (+pdb)
Processing assembly Library/Bee/artifacts/2000b0aE.dag/Unity.InternalAPIEngineBridge.004.dll, with 125 defines and 288 references

processors: zzzUnity.Burst.CodeGen.BurstILPostProcessor

1 processor(s) skipped this assembly
[402/585    0s] ILPostProcess Library/Bee/artifacts/2000b0aE.dag/post-processed/Unity.EditorCoroutines.Editor.dll (+pdb)
Processing assembly Library/Bee/artifacts/2000b0aE.dag/Unity.EditorCoroutines.Editor.dll, with 123 defines and 302 references

processors: zzzUnity.Burst.CodeGen.BurstILPostProcessor

1 processor(s) skipped this assembly
[403/585    0s] CopyFiles Library/ScriptAssemblies/UnityEngine.SpatialTracking.dll
[404/585    0s] CopyFiles Library/ScriptAssemblies/UnityEngine.SpatialTracking.pdb
[405/585    0s] CopyFiles Library/ScriptAssemblies/Unity.InternalAPIEngineBridge.004.pdb
[406/585    0s] CopyFiles Library/ScriptAssemblies/Unity.InternalAPIEngineBridge.004.dll
[407/585    0s] ILPostProcess Library/Bee/artifacts/2000b0aE.dag/post-processed/Unity.XR.Management.dll (+pdb)
Processing assembly Library/Bee/artifacts/2000b0aE.dag/Unity.XR.Management.dll, with 126 defines and 288 references

processors: zzzUnity.Burst.CodeGen.BurstILPostProcessor

1 processor(s) skipped this assembly
[408/585    0s] CopyFiles Library/ScriptAssemblies/Unity.EditorCoroutines.Editor.dll
[409/585    0s] CopyFiles Library/ScriptAssemblies/Unity.EditorCoroutines.Editor.pdb
[410/585    0s] MovedFromExtractor Library/Bee/artifacts/mvdfrm/Unity.XR.Management.ref.dll_D93D70427ED1BDB5.mvfrm
[411/585    0s] CopyFiles Library/ScriptAssemblies/Unity.XR.Management.dll
[412/585    0s] CopyFiles Library/ScriptAssemblies/Unity.XR.Management.pdb
[413/585    1s] Csc Library/Bee/artifacts/2000b0aE.dag/Unity.Rider.Editor.dll (+2 others)
[414/585    0s] MovedFromExtractor-Combine Library/Bee/artifacts/2000b0aE.dag/UnityEngine.XR.LegacyInputHelpers.dll.mvfrm
[415/585    0s] MovedFromExtractor-Combine Library/Bee/artifacts/2000b0aE.dag/UnityEditor.SpatialTracking.dll.mvfrm
[416/585    0s] MovedFromExtractor-Combine Library/Bee/artifacts/2000b0aE.dag/Unity.TextMeshPro.dll.mvfrm
[417/585    1s] Csc Library/Bee/artifacts/2000b0aE.dag/Unity.VisualStudio.Editor.dll (+2 others)
[           0s] Csc Library/Bee/artifacts/2000b0aE.dag/Unity.Rider.Editor.dll (+2 others) [CacheWrite 86172411945d29e41ace0fe191c43a7c00000000000000000000000000000006]
[418/585    0s] CopyFiles Library/ScriptAssemblies/Unity.Rider.Editor.pdb
[           0s] Csc Library/Bee/artifacts/2000b0aE.dag/UnityEngine.XR.LegacyInputHelpers.dll (+2 others) [CacheMiss 138fa806f83d47b1b68ea1a99bbe304400000000000000000000000000000006]
[           0s] Csc Library/Bee/artifacts/2000b0aE.dag/UnityEditor.SpatialTracking.dll (+2 others) [CacheMiss 4948ef7eb96fbe01ae6157511965530b00000000000000000000000000000006]
[           0s] Csc Library/Bee/artifacts/2000b0aE.dag/Unity.TextMeshPro.dll (+2 others) [CacheMiss e6d7c8d8af961bcd3fa162dea0a9129500000000000000000000000000000006]
[           0s] Csc Library/Bee/artifacts/2000b0aE.dag/Unity.VisualStudio.Editor.dll (+2 others) [CacheWrite df7b787e78e7876b8e4e4c14d9170e3d00000000000000000000000000000006]
[419/585    0s] CopyFiles Library/ScriptAssemblies/Unity.VisualStudio.Editor.pdb
[420/585    0s] CopyFiles Library/ScriptAssemblies/Unity.VisualStudio.Editor.dll
[421/585    0s] CopyFiles Library/ScriptAssemblies/Unity.Rider.Editor.dll
[422/585    0s] MovedFromExtractor Library/Bee/artifacts/mvdfrm/Unity.Rider.Editor.ref.dll_BB682F4C994978A9.mvfrm
[423/585    0s] MovedFromExtractor Library/Bee/artifacts/mvdfrm/Unity.VisualStudio.Editor.ref.dll_7E7DD2F3C2805153.mvfrm
[424/585    0s] Csc Library/Bee/artifacts/2000b0aE.dag/UnityEditor.SpatialTracking.dll (+2 others)
[425/585    0s] Csc Library/Bee/artifacts/2000b0aE.dag/UnityEngine.XR.LegacyInputHelpers.dll (+2 others)
[           0s] Csc Library/Bee/artifacts/2000b0aE.dag/UnityEditor.SpatialTracking.dll (+2 others) [CacheWrite 4948ef7eb96fbe01ae6157511965530b00000000000000000000000000000006]
[           0s] Csc Library/Bee/artifacts/2000b0aE.dag/UnityEngine.XR.LegacyInputHelpers.dll (+2 others) [CacheWrite 138fa806f83d47b1b68ea1a99bbe304400000000000000000000000000000006]
[426/585    0s] ILPostProcess Library/Bee/artifacts/2000b0aE.dag/post-processed/UnityEditor.SpatialTracking.dll (+pdb)
Processing assembly Library/Bee/artifacts/2000b0aE.dag/UnityEditor.SpatialTracking.dll, with 124 defines and 303 references

processors: zzzUnity.Burst.CodeGen.BurstILPostProcessor

1 processor(s) skipped this assembly
[427/585    0s] CopyFiles Library/ScriptAssemblies/UnityEditor.SpatialTracking.pdb
[428/585    0s] CopyFiles Library/ScriptAssemblies/UnityEditor.SpatialTracking.dll
[429/585    0s] ILPostProcess Library/Bee/artifacts/2000b0aE.dag/post-processed/UnityEngine.XR.LegacyInputHelpers.dll (+pdb)
Processing assembly Library/Bee/artifacts/2000b0aE.dag/UnityEngine.XR.LegacyInputHelpers.dll, with 125 defines and 289 references

processors: zzzUnity.Burst.CodeGen.BurstILPostProcessor

1 processor(s) skipped this assembly
[430/585    0s] CopyFiles Library/ScriptAssemblies/UnityEngine.XR.LegacyInputHelpers.pdb
[431/585    0s] CopyFiles Library/ScriptAssemblies/UnityEngine.XR.LegacyInputHelpers.dll
[432/585    0s] MovedFromExtractor Library/Bee/artifacts/mvdfrm/UnityEditor.SpatialTracking.ref.dll_D55571F0AC45F156.mvfrm
[433/585    0s] MovedFromExtractor Library/Bee/artifacts/mvdfrm/UnityEngine.XR.LegacyInputHelpers.ref.dll_9596631343A8CF28.mvfrm
[434/585    2s] Csc Library/Bee/artifacts/2000b0aE.dag/Unity.TextMeshPro.dll (+2 others)
[           0s] Csc Library/Bee/artifacts/2000b0aE.dag/Unity.TextMeshPro.dll (+2 others) [CacheWrite e6d7c8d8af961bcd3fa162dea0a9129500000000000000000000000000000006]
[435/585    0s] ILPostProcess Library/Bee/artifacts/2000b0aE.dag/post-processed/Unity.TextMeshPro.dll (+pdb)
Processing assembly Library/Bee/artifacts/2000b0aE.dag/Unity.TextMeshPro.dll, with 126 defines and 289 references

processors: zzzUnity.Burst.CodeGen.BurstILPostProcessor

1 processor(s) skipped this assembly
[436/585    0s] CopyFiles Library/ScriptAssemblies/Unity.TextMeshPro.pdb
[437/585    0s] MovedFromExtractor Library/Bee/artifacts/mvdfrm/Unity.TextMeshPro.ref.dll_3701448EC0EF5C81.mvfrm
[438/585    0s] CopyFiles Library/ScriptAssemblies/Unity.TextMeshPro.dll
[439/585    0s] MovedFromExtractor-Combine Library/Bee/artifacts/2000b0aE.dag/Unity.TextMeshPro.Editor.dll.mvfrm
[440/585    0s] MovedFromExtractor-Combine Library/Bee/artifacts/2000b0aE.dag/UnityEditor.UI.Analytics.dll.mvfrm
[           0s] Csc Library/Bee/artifacts/2000b0aE.dag/Unity.TextMeshPro.Editor.dll (+2 others) [CacheMiss 7b1d2473d7874d873c671621f1ab5d7600000000000000000000000000000006]
[           0s] Csc Library/Bee/artifacts/2000b0aE.dag/UnityEditor.UI.Analytics.dll (+2 others) [CacheMiss 0b0d07793ceeb3888c391617e116391900000000000000000000000000000006]
[441/585    0s] Csc Library/Bee/artifacts/2000b0aE.dag/UnityEditor.UI.Analytics.dll (+2 others)
[           0s] Csc Library/Bee/artifacts/2000b0aE.dag/UnityEditor.UI.Analytics.dll (+2 others) [CacheWrite 0b0d07793ceeb3888c391617e116391900000000000000000000000000000006]
[442/585    0s] ILPostProcess Library/Bee/artifacts/2000b0aE.dag/post-processed/UnityEditor.UI.Analytics.dll (+pdb)
Processing assembly Library/Bee/artifacts/2000b0aE.dag/UnityEditor.UI.Analytics.dll, with 123 defines and 303 references

processors: zzzUnity.Burst.CodeGen.BurstILPostProcessor

1 processor(s) skipped this assembly
[443/585    0s] MovedFromExtractor Library/Bee/artifacts/mvdfrm/UnityEditor.UI.Analytics.ref.dll_05D8213CEFDD7017.mvfrm
[444/585    0s] CopyFiles Library/ScriptAssemblies/UnityEditor.UI.Analytics.pdb
[445/585    0s] CopyFiles Library/ScriptAssemblies/UnityEditor.UI.Analytics.dll
[446/585    6s] Csc Library/Bee/artifacts/2000b0aE.dag/Unity.InputSystem.dll (+2 others)
[           0s] Csc Library/Bee/artifacts/2000b0aE.dag/Unity.InputSystem.dll (+2 others) [CacheWrite 4a4569b449196064598d084501c72ba600000000000000000000000000000006]
[447/585    0s] Csc Library/Bee/artifacts/2000b0aE.dag/Unity.TextMeshPro.Editor.dll (+2 others)
[           0s] Csc Library/Bee/artifacts/2000b0aE.dag/Unity.TextMeshPro.Editor.dll (+2 others) [CacheWrite 7b1d2473d7874d873c671621f1ab5d7600000000000000000000000000000006]
[448/585    0s] ILPostProcess Library/Bee/artifacts/2000b0aE.dag/post-processed/Unity.InputSystem.dll (+pdb)
Processing assembly Library/Bee/artifacts/2000b0aE.dag/Unity.InputSystem.dll, with 138 defines and 288 references

processors: zzzUnity.Burst.CodeGen.BurstILPostProcessor

1 processor(s) skipped this assembly
[449/585    0s] CopyFiles Library/ScriptAssemblies/Unity.InputSystem.pdb
[450/585    0s] MovedFromExtractor Library/Bee/artifacts/mvdfrm/Unity.InputSystem.ref.dll_AF8BE3CD1809BA27.mvfrm
[451/585    0s] MovedFromExtractor Library/Bee/artifacts/mvdfrm/Unity.TextMeshPro.Editor.ref.dll_E01181B6C057CE40.mvfrm
[452/585    0s] CopyFiles Library/ScriptAssemblies/Unity.InputSystem.dll
[453/585    0s] MovedFromExtractor-Combine Library/Bee/artifacts/2000b0aE.dag/Unity.XR.CoreUtils.dll.mvfrm
[454/585    0s] MovedFromExtractor-Combine Library/Bee/artifacts/2000b0aE.dag/Unity.InputSystem.ForUI.dll.mvfrm
[455/585    0s] MovedFromExtractor-Combine Library/Bee/artifacts/2000b0aE.dag/Unity.InputSystem.DocCodeSamples.dll.mvfrm
[456/585    0s] MovedFromExtractor-Combine Library/Bee/artifacts/2000b0aE.dag/Unity.InputSystem.TestFramework.dll.mvfrm
[457/585    0s] MovedFromExtractor-Combine Library/Bee/artifacts/2000b0aE.dag/UnityEditor.XR.LegacyInputHelpers.dll.mvfrm
[           0s] Csc Library/Bee/artifacts/2000b0aE.dag/Unity.XR.CoreUtils.dll (+2 others) [CacheMiss e16aca622d2edbdff4829229641c898100000000000000000000000000000006]
[           0s] Csc Library/Bee/artifacts/2000b0aE.dag/Unity.InputSystem.ForUI.dll (+2 others) [CacheMiss 83dcb51a55181720d44aac3033db4df500000000000000000000000000000006]
[           0s] Csc Library/Bee/artifacts/2000b0aE.dag/Unity.InputSystem.DocCodeSamples.dll (+2 others) [CacheMiss ad748e5892bbf8631e4cbcfb92ad1e4000000000000000000000000000000006]
[           0s] Csc Library/Bee/artifacts/2000b0aE.dag/Unity.InputSystem.TestFramework.dll (+2 others) [CacheMiss f2d725ab28dfe2c08038312e6dd16ac200000000000000000000000000000006]
[           0s] Csc Library/Bee/artifacts/2000b0aE.dag/UnityEditor.XR.LegacyInputHelpers.dll (+2 others) [CacheMiss b5970ee931f1c74398cb975f36ce4dfd00000000000000000000000000000006]
[458/585    0s] ILPostProcess Library/Bee/artifacts/2000b0aE.dag/post-processed/Unity.TextMeshPro.Editor.dll (+pdb)
Processing assembly Library/Bee/artifacts/2000b0aE.dag/Unity.TextMeshPro.Editor.dll, with 123 defines and 303 references

processors: zzzUnity.Burst.CodeGen.BurstILPostProcessor

1 processor(s) skipped this assembly
[459/585    0s] CopyFiles Library/ScriptAssemblies/Unity.TextMeshPro.Editor.pdb
[460/585    0s] Csc Library/Bee/artifacts/2000b0aE.dag/Unity.InputSystem.DocCodeSamples.dll (+2 others)
[461/585    0s] Csc Library/Bee/artifacts/2000b0aE.dag/UnityEditor.XR.LegacyInputHelpers.dll (+2 others)
[           0s] Csc Library/Bee/artifacts/2000b0aE.dag/Unity.InputSystem.DocCodeSamples.dll (+2 others) [CacheWrite ad748e5892bbf8631e4cbcfb92ad1e4000000000000000000000000000000006]
[462/585    0s] Csc Library/Bee/artifacts/2000b0aE.dag/Unity.InputSystem.ForUI.dll (+2 others)
[           0s] Csc Library/Bee/artifacts/2000b0aE.dag/UnityEditor.XR.LegacyInputHelpers.dll (+2 others) [CacheWrite b5970ee931f1c74398cb975f36ce4dfd00000000000000000000000000000006]
[           0s] Csc Library/Bee/artifacts/2000b0aE.dag/Unity.InputSystem.ForUI.dll (+2 others) [CacheWrite 83dcb51a55181720d44aac3033db4df500000000000000000000000000000006]
[463/585    0s] ILPostProcess Library/Bee/artifacts/2000b0aE.dag/post-processed/Unity.InputSystem.DocCodeSamples.dll (+pdb)
Processing assembly Library/Bee/artifacts/2000b0aE.dag/Unity.InputSystem.DocCodeSamples.dll, with 123 defines and 302 references

processors: zzzUnity.Burst.CodeGen.BurstILPostProcessor

1 processor(s) skipped this assembly
[464/585    0s] Csc Library/Bee/artifacts/2000b0aE.dag/Unity.InputSystem.TestFramework.dll (+2 others)
[465/585    0s] CopyFiles Library/ScriptAssemblies/Unity.InputSystem.DocCodeSamples.dll
[466/585    0s] CopyFiles Library/ScriptAssemblies/Unity.InputSystem.DocCodeSamples.pdb
[           0s] Csc Library/Bee/artifacts/2000b0aE.dag/Unity.InputSystem.TestFramework.dll (+2 others) [CacheWrite f2d725ab28dfe2c08038312e6dd16ac200000000000000000000000000000006]
[467/585    0s] ILPostProcess Library/Bee/artifacts/2000b0aE.dag/post-processed/UnityEditor.XR.LegacyInputHelpers.dll (+pdb)
Processing assembly Library/Bee/artifacts/2000b0aE.dag/UnityEditor.XR.LegacyInputHelpers.dll, with 124 defines and 305 references

processors: zzzUnity.Burst.CodeGen.BurstILPostProcessor

1 processor(s) skipped this assembly
[468/585    0s] Csc Library/Bee/artifacts/2000b0aE.dag/Unity.XR.CoreUtils.dll (+2 others)
[469/585    0s] MovedFromExtractor Library/Bee/artifacts/mvdfrm/UnityEditor.XR.LegacyInputHelpers.ref.dll_D506CE5D08637C23.mvfrm
[470/585    0s] CopyFiles Library/ScriptAssemblies/UnityEditor.XR.LegacyInputHelpers.pdb
[471/585    0s] MovedFromExtractor Library/Bee/artifacts/mvdfrm/Unity.InputSystem.ForUI.ref.dll_7A6B648994A56256.mvfrm
[472/585    0s] ILPostProcess Library/Bee/artifacts/2000b0aE.dag/post-processed/Unity.InputSystem.ForUI.dll (+pdb)
Processing assembly Library/Bee/artifacts/2000b0aE.dag/Unity.InputSystem.ForUI.dll, with 125 defines and 289 references

processors: zzzUnity.Burst.CodeGen.BurstILPostProcessor

1 processor(s) skipped this assembly
[           0s] Csc Library/Bee/artifacts/2000b0aE.dag/Unity.XR.CoreUtils.dll (+2 others) [CacheWrite e16aca622d2edbdff4829229641c898100000000000000000000000000000006]
[473/585    0s] CopyFiles Library/ScriptAssemblies/UnityEditor.XR.LegacyInputHelpers.dll
[474/585    0s] CopyFiles Library/ScriptAssemblies/Unity.InputSystem.ForUI.pdb
[475/585    0s] CopyFiles Library/ScriptAssemblies/Unity.InputSystem.ForUI.dll
[476/585    0s] ILPostProcess Library/Bee/artifacts/2000b0aE.dag/post-processed/Unity.InputSystem.TestFramework.dll (+pdb)
Processing assembly Library/Bee/artifacts/2000b0aE.dag/Unity.InputSystem.TestFramework.dll, with 127 defines and 288 references

processors: zzzUnity.Burst.CodeGen.BurstILPostProcessor

1 processor(s) skipped this assembly
[477/585    0s] CopyFiles Library/ScriptAssemblies/Unity.InputSystem.TestFramework.pdb
[478/585    0s] ILPostProcess Library/Bee/artifacts/2000b0aE.dag/post-processed/Unity.XR.CoreUtils.dll (+pdb)
Processing assembly Library/Bee/artifacts/2000b0aE.dag/Unity.XR.CoreUtils.dll, with 131 defines and 290 references

processors: zzzUnity.Burst.CodeGen.BurstILPostProcessor

1 processor(s) skipped this assembly
[479/585    0s] CopyFiles Library/ScriptAssemblies/Unity.TextMeshPro.Editor.dll
[480/585    0s] CopyFiles Library/ScriptAssemblies/Unity.InputSystem.TestFramework.dll
[481/585    0s] MovedFromExtractor-Combine Library/Bee/artifacts/2000b0aE.dag/Unity.InputSystem.ForUI.Editor.dll.mvfrm
[482/585    0s] CopyFiles Library/ScriptAssemblies/Unity.XR.CoreUtils.pdb
[483/585    0s] MovedFromExtractor Library/Bee/artifacts/mvdfrm/Unity.XR.CoreUtils.ref.dll_5CB5522DA21A9CF6.mvfrm
[           0s] Csc Library/Bee/artifacts/2000b0aE.dag/Unity.InputSystem.ForUI.Editor.dll (+2 others) [CacheMiss 74cf037bd119883c3c89bc617392036f00000000000000000000000000000006]
[484/585    0s] CopyFiles Library/ScriptAssemblies/Unity.XR.CoreUtils.dll
[485/585    0s] MovedFromExtractor-Combine Library/Bee/artifacts/2000b0aE.dag/Unity.XR.ARSubsystems.dll.mvfrm
[486/585    0s] MovedFromExtractor-Combine Library/Bee/artifacts/2000b0aE.dag/Unity.XR.CoreUtils.Editor.dll.mvfrm
[           0s] Csc Library/Bee/artifacts/2000b0aE.dag/Unity.XR.ARSubsystems.dll (+2 others) [CacheMiss 096aad7bb90a1f8343fb3f725a7f69f200000000000000000000000000000006]
[           0s] Csc Library/Bee/artifacts/2000b0aE.dag/Unity.XR.CoreUtils.Editor.dll (+2 others) [CacheMiss 4edd099ab5c31cc9500f576145eab35700000000000000000000000000000006]
[487/585    0s] Csc Library/Bee/artifacts/2000b0aE.dag/Unity.InputSystem.ForUI.Editor.dll (+2 others)
[           0s] Csc Library/Bee/artifacts/2000b0aE.dag/Unity.InputSystem.ForUI.Editor.dll (+2 others) [CacheWrite 74cf037bd119883c3c89bc617392036f00000000000000000000000000000006]
[488/585    0s] ILPostProcess Library/Bee/artifacts/2000b0aE.dag/post-processed/Unity.InputSystem.ForUI.Editor.dll (+pdb)
Processing assembly Library/Bee/artifacts/2000b0aE.dag/Unity.InputSystem.ForUI.Editor.dll, with 123 defines and 304 references

processors: zzzUnity.Burst.CodeGen.BurstILPostProcessor

1 processor(s) skipped this assembly
[489/585    0s] CopyFiles Library/ScriptAssemblies/Unity.InputSystem.ForUI.Editor.dll
[490/585    0s] CopyFiles Library/ScriptAssemblies/Unity.InputSystem.ForUI.Editor.pdb
[491/585    0s] MovedFromExtractor Library/Bee/artifacts/mvdfrm/Unity.InputSystem.ForUI.Editor.ref.dll_256FC2E7E8C45CBB.mvfrm
[492/585    0s] Csc Library/Bee/artifacts/2000b0aE.dag/Unity.XR.CoreUtils.Editor.dll (+2 others)
[           0s] Csc Library/Bee/artifacts/2000b0aE.dag/Unity.XR.CoreUtils.Editor.dll (+2 others) [CacheWrite 4edd099ab5c31cc9500f576145eab35700000000000000000000000000000006]
[493/585    0s] ILPostProcess Library/Bee/artifacts/2000b0aE.dag/post-processed/Unity.XR.CoreUtils.Editor.dll (+pdb)
Processing assembly Library/Bee/artifacts/2000b0aE.dag/Unity.XR.CoreUtils.Editor.dll, with 125 defines and 304 references

processors: zzzUnity.Burst.CodeGen.BurstILPostProcessor

1 processor(s) skipped this assembly
[494/585    0s] CopyFiles Library/ScriptAssemblies/Unity.XR.CoreUtils.Editor.pdb
[495/585    0s] MovedFromExtractor Library/Bee/artifacts/mvdfrm/Unity.XR.CoreUtils.Editor.ref.dll_EFE279D5B469AC1B.mvfrm
[496/585    0s] CopyFiles Library/ScriptAssemblies/Unity.XR.CoreUtils.Editor.dll
[497/585    1s] Csc Library/Bee/artifacts/2000b0aE.dag/Unity.XR.ARSubsystems.dll (+2 others)
[498/585    0s] MovedFromExtractor-Combine Library/Bee/artifacts/2000b0aE.dag/Unity.XR.ARAnalytics.Editor.dll.mvfrm
[499/585    0s] MovedFromExtractor-Combine Library/Bee/artifacts/2000b0aE.dag/Unity.XR.Management.Editor.dll.mvfrm
[           0s] Csc Library/Bee/artifacts/2000b0aE.dag/Unity.XR.ARSubsystems.dll (+2 others) [CacheWrite 096aad7bb90a1f8343fb3f725a7f69f200000000000000000000000000000006]
[           0s] Csc Library/Bee/artifacts/2000b0aE.dag/Unity.XR.Management.Editor.dll (+2 others) [CacheMiss 7b91184073a15429ab2441e111441c1000000000000000000000000000000006]
[           0s] Csc Library/Bee/artifacts/2000b0aE.dag/Unity.XR.ARAnalytics.Editor.dll (+2 others) [CacheMiss 1fabe7bd8f56005734106b61c682db0500000000000000000000000000000006]
[500/585    0s] ILPostProcess Library/Bee/artifacts/2000b0aE.dag/post-processed/Unity.XR.ARSubsystems.dll (+pdb)
Processing assembly Library/Bee/artifacts/2000b0aE.dag/Unity.XR.ARSubsystems.dll, with 126 defines and 290 references

processors: zzzUnity.Burst.CodeGen.BurstILPostProcessor

1 processor(s) skipped this assembly
[501/585    0s] CopyFiles Library/ScriptAssemblies/Unity.XR.ARSubsystems.pdb
[502/585    0s] MovedFromExtractor Library/Bee/artifacts/mvdfrm/Unity.XR.ARSubsystems.ref.dll_7FA238B7357C3057.mvfrm
[503/585    0s] CopyFiles Library/ScriptAssemblies/Unity.XR.ARSubsystems.dll
[504/585    0s] Csc Library/Bee/artifacts/2000b0aE.dag/Unity.XR.ARAnalytics.Editor.dll (+2 others)
[505/585    0s] MovedFromExtractor-Combine Library/Bee/artifacts/2000b0aE.dag/Unity.XR.ARCore.dll.mvfrm
[506/585    0s] MovedFromExtractor-Combine Library/Bee/artifacts/2000b0aE.dag/Unity.XR.ARFoundation.InternalUtils.dll.mvfrm
[           0s] Csc Library/Bee/artifacts/2000b0aE.dag/Unity.XR.ARAnalytics.Editor.dll (+2 others) [CacheWrite 1fabe7bd8f56005734106b61c682db0500000000000000000000000000000006]
[           0s] Csc Library/Bee/artifacts/2000b0aE.dag/Unity.XR.ARCore.dll (+2 others) [CacheMiss 81e04945ee434090d0c18eb9aec5122500000000000000000000000000000006]
[           0s] Csc Library/Bee/artifacts/2000b0aE.dag/Unity.XR.ARFoundation.InternalUtils.dll (+2 others) [CacheMiss a4f971ba735957659875d3239ffcd62000000000000000000000000000000006]
[507/585    0s] ILPostProcess Library/Bee/artifacts/2000b0aE.dag/post-processed/Unity.XR.ARAnalytics.Editor.dll (+pdb)
Processing assembly Library/Bee/artifacts/2000b0aE.dag/Unity.XR.ARAnalytics.Editor.dll, with 123 defines and 303 references

processors: zzzUnity.Burst.CodeGen.BurstILPostProcessor

1 processor(s) skipped this assembly
[508/585    0s] CopyFiles Library/ScriptAssemblies/Unity.XR.ARAnalytics.Editor.dll
[509/585    0s] CopyFiles Library/ScriptAssemblies/Unity.XR.ARAnalytics.Editor.pdb
[510/585    0s] MovedFromExtractor Library/Bee/artifacts/mvdfrm/Unity.XR.ARAnalytics.Editor.ref.dll_5BEBF4CF2054A1D8.mvfrm
[511/585    0s] Csc Library/Bee/artifacts/2000b0aE.dag/Unity.XR.Management.Editor.dll (+2 others)
[           0s] Csc Library/Bee/artifacts/2000b0aE.dag/Unity.XR.Management.Editor.dll (+2 others) [CacheWrite 7b91184073a15429ab2441e111441c1000000000000000000000000000000006]
[512/585    0s] Csc Library/Bee/artifacts/2000b0aE.dag/Unity.XR.ARFoundation.InternalUtils.dll (+2 others)
[513/585    0s] MovedFromExtractor Library/Bee/artifacts/mvdfrm/Unity.XR.Management.Editor.ref.dll_8EBCB36054B6FC4C.mvfrm
[           0s] Csc Library/Bee/artifacts/2000b0aE.dag/Unity.XR.ARFoundation.InternalUtils.dll (+2 others) [CacheWrite a4f971ba735957659875d3239ffcd62000000000000000000000000000000006]
[514/585    0s] ILPostProcess Library/Bee/artifacts/2000b0aE.dag/post-processed/Unity.XR.Management.Editor.dll (+pdb)
Processing assembly Library/Bee/artifacts/2000b0aE.dag/Unity.XR.Management.Editor.dll, with 125 defines and 305 references

processors: zzzUnity.Burst.CodeGen.BurstILPostProcessor

1 processor(s) skipped this assembly
[515/585    0s] CopyFiles Library/ScriptAssemblies/Unity.XR.Management.Editor.pdb
[516/585    0s] ILPostProcess Library/Bee/artifacts/2000b0aE.dag/post-processed/Unity.XR.ARFoundation.InternalUtils.dll (+pdb)
Processing assembly Library/Bee/artifacts/2000b0aE.dag/Unity.XR.ARFoundation.InternalUtils.dll, with 125 defines and 291 references

processors: zzzUnity.Burst.CodeGen.BurstILPostProcessor

1 processor(s) skipped this assembly
[517/585    0s] Csc Library/Bee/artifacts/2000b0aE.dag/Unity.XR.ARCore.dll (+2 others)
[518/585    0s] CopyFiles Library/ScriptAssemblies/Unity.XR.ARFoundation.InternalUtils.dll
[519/585    0s] CopyFiles Library/ScriptAssemblies/Unity.XR.ARFoundation.InternalUtils.pdb
[520/585    0s] MovedFromExtractor-Combine Library/Bee/artifacts/2000b0aE.dag/Unity.XR.ARSubsystems.Editor.dll.mvfrm
[521/585    0s] MovedFromExtractor Library/Bee/artifacts/mvdfrm/Unity.XR.ARFoundation.InternalUtils.ref.dll_C01C6A0F98E2CD6C.mvfrm
[           0s] Csc Library/Bee/artifacts/2000b0aE.dag/Unity.XR.ARCore.dll (+2 others) [CacheWrite 81e04945ee434090d0c18eb9aec5122500000000000000000000000000000006]
[           0s] Csc Library/Bee/artifacts/2000b0aE.dag/Unity.XR.ARSubsystems.Editor.dll (+2 others) [CacheMiss 654b5bf218f8bd55b7a9c712ea0b5dc700000000000000000000000000000006]
[522/585    0s] CopyFiles Library/ScriptAssemblies/Unity.XR.Management.Editor.dll
[523/585    0s] ILPostProcess Library/Bee/artifacts/2000b0aE.dag/post-processed/Unity.XR.ARCore.dll (+pdb)
Processing assembly Library/Bee/artifacts/2000b0aE.dag/Unity.XR.ARCore.dll, with 126 defines and 292 references

processors: zzzUnity.Burst.CodeGen.BurstILPostProcessor

1 processor(s) skipped this assembly
[524/585    0s] CopyFiles Library/ScriptAssemblies/Unity.XR.ARCore.pdb
[525/585    0s] MovedFromExtractor-Combine Library/Bee/artifacts/2000b0aE.dag/Unity.XR.ARFoundation.InternalUtils.Editor.dll.mvfrm
[526/585    0s] MovedFromExtractor-Combine Library/Bee/artifacts/2000b0aE.dag/Unity.XR.Simulation.dll.mvfrm
[527/585    0s] MovedFromExtractor-Combine Library/Bee/artifacts/2000b0aE.dag/Unity.XR.ARFoundation.dll.mvfrm
[528/585    0s] MovedFromExtractor Library/Bee/artifacts/mvdfrm/Unity.XR.ARCore.ref.dll_816CEFBF987E8052.mvfrm
[529/585    0s] CopyFiles Library/ScriptAssemblies/Unity.XR.ARCore.dll
[           0s] Csc Library/Bee/artifacts/2000b0aE.dag/Unity.XR.Simulation.dll (+2 others) [CacheMiss 3f5d4963cd3940d7b6b50faa75bd2e9a00000000000000000000000000000006]
[           0s] Csc Library/Bee/artifacts/2000b0aE.dag/Unity.XR.ARFoundation.dll (+2 others) [CacheMiss db21eeb84201dfac9c713418e0f922a900000000000000000000000000000006]
[           0s] Csc Library/Bee/artifacts/2000b0aE.dag/Unity.XR.ARFoundation.InternalUtils.Editor.dll (+2 others) [CacheMiss 28adf026af8a59dba9142d9dcc8ee67b00000000000000000000000000000006]
[530/585    0s] Csc Library/Bee/artifacts/2000b0aE.dag/Unity.XR.ARSubsystems.Editor.dll (+2 others)
[531/585    0s] Csc Library/Bee/artifacts/2000b0aE.dag/Unity.XR.ARFoundation.InternalUtils.Editor.dll (+2 others)
[           0s] Csc Library/Bee/artifacts/2000b0aE.dag/Unity.XR.ARSubsystems.Editor.dll (+2 others) [CacheWrite 654b5bf218f8bd55b7a9c712ea0b5dc700000000000000000000000000000006]
[           0s] Csc Library/Bee/artifacts/2000b0aE.dag/Unity.XR.ARFoundation.InternalUtils.Editor.dll (+2 others) [CacheWrite 28adf026af8a59dba9142d9dcc8ee67b00000000000000000000000000000006]
[532/585    0s] ILPostProcess Library/Bee/artifacts/2000b0aE.dag/post-processed/Unity.XR.ARSubsystems.Editor.dll (+pdb)
Processing assembly Library/Bee/artifacts/2000b0aE.dag/Unity.XR.ARSubsystems.Editor.dll, with 123 defines and 305 references

processors: zzzUnity.Burst.CodeGen.BurstILPostProcessor

1 processor(s) skipped this assembly
[533/585    0s] CopyFiles Library/ScriptAssemblies/Unity.XR.ARSubsystems.Editor.pdb
[534/585    0s] ILPostProcess Library/Bee/artifacts/2000b0aE.dag/post-processed/Unity.XR.ARFoundation.InternalUtils.Editor.dll (+pdb)
Processing assembly Library/Bee/artifacts/2000b0aE.dag/Unity.XR.ARFoundation.InternalUtils.Editor.dll, with 123 defines and 303 references

processors: zzzUnity.Burst.CodeGen.BurstILPostProcessor

1 processor(s) skipped this assembly
[535/585    0s] CopyFiles Library/ScriptAssemblies/Unity.XR.ARSubsystems.Editor.dll
[536/585    0s] MovedFromExtractor Library/Bee/artifacts/mvdfrm/Unity.XR.ARSubsystems.Editor.ref.dll_CFF8618AC1C649CA.mvfrm
[537/585    0s] CopyFiles Library/ScriptAssemblies/Unity.XR.ARFoundation.InternalUtils.Editor.dll
[538/585    0s] CopyFiles Library/ScriptAssemblies/Unity.XR.ARFoundation.InternalUtils.Editor.pdb
[539/585    0s] MovedFromExtractor Library/Bee/artifacts/mvdfrm/Unity.XR.ARFoundation.InternalUtils.Editor.ref.dll_922672A35A2F7505.mvfrm
[540/585    1s] Csc Library/Bee/artifacts/2000b0aE.dag/Unity.XR.Simulation.dll (+2 others)
[           0s] Csc Library/Bee/artifacts/2000b0aE.dag/Unity.XR.Simulation.dll (+2 others) [CacheWrite 3f5d4963cd3940d7b6b50faa75bd2e9a00000000000000000000000000000006]
[541/585    1s] Csc Library/Bee/artifacts/2000b0aE.dag/Unity.XR.ARFoundation.dll (+2 others)
[           0s] Csc Library/Bee/artifacts/2000b0aE.dag/Unity.XR.ARFoundation.dll (+2 others) [CacheWrite db21eeb84201dfac9c713418e0f922a900000000000000000000000000000006]
[542/585    0s] ILPostProcess Library/Bee/artifacts/2000b0aE.dag/post-processed/Unity.XR.Simulation.dll (+pdb)
Processing assembly Library/Bee/artifacts/2000b0aE.dag/Unity.XR.Simulation.dll, with 125 defines and 294 references

processors: zzzUnity.Burst.CodeGen.BurstILPostProcessor

1 processor(s) skipped this assembly
[543/585    0s] CopyFiles Library/ScriptAssemblies/Unity.XR.Simulation.pdb
[544/585    0s] MovedFromExtractor Library/Bee/artifacts/mvdfrm/Unity.XR.Simulation.ref.dll_98464842960B4059.mvfrm
[545/585    0s] CopyFiles Library/ScriptAssemblies/Unity.XR.Simulation.dll
[546/585    0s] MovedFromExtractor Library/Bee/artifacts/mvdfrm/Unity.XR.ARFoundation.ref.dll_E51E49D1D5D726B6.mvfrm
[547/585    0s] ILPostProcess Library/Bee/artifacts/2000b0aE.dag/post-processed/Unity.XR.ARFoundation.dll (+pdb)
Processing assembly Library/Bee/artifacts/2000b0aE.dag/Unity.XR.ARFoundation.dll, with 126 defines and 293 references

processors: zzzUnity.Burst.CodeGen.BurstILPostProcessor

1 processor(s) skipped this assembly
[548/585    0s] MovedFromExtractor-Combine Library/Bee/artifacts/2000b0aE.dag/Unity.XR.Simulation.Editor.dll.mvfrm
[549/585    0s] CopyFiles Library/ScriptAssemblies/Unity.XR.ARFoundation.pdb
[           0s] Csc Library/Bee/artifacts/2000b0aE.dag/Unity.XR.Simulation.Editor.dll (+2 others) [CacheMiss a417cc313faac790c8e0aa181526478d00000000000000000000000000000006]
[550/585    0s] CopyFiles Library/ScriptAssemblies/Unity.XR.ARFoundation.dll
[551/585    0s] MovedFromExtractor-Combine Library/Bee/artifacts/2000b0aE.dag/Unity.XR.ARFoundation.Editor.dll.mvfrm
[552/585    0s] MovedFromExtractor-Combine Library/Bee/artifacts/2000b0aE.dag/Unity.XR.ARFoundation.VisualScripting.dll.mvfrm
[553/585    0s] MovedFromExtractor-Combine Library/Bee/artifacts/2000b0aE.dag/Unity.XR.ARCore.Editor.dll.mvfrm
[           0s] Csc Library/Bee/artifacts/2000b0aE.dag/Unity.XR.ARFoundation.Editor.dll (+2 others) [CacheMiss 7f7e9c775308b5e7ee950be44ec4a59400000000000000000000000000000006]
[           0s] Csc Library/Bee/artifacts/2000b0aE.dag/Unity.XR.ARFoundation.VisualScripting.dll (+2 others) [CacheMiss 5e8740d4c6987fa730130416613b08b600000000000000000000000000000006]
[           0s] Csc Library/Bee/artifacts/2000b0aE.dag/Unity.XR.ARCore.Editor.dll (+2 others) [CacheMiss fb4c8a088d8d32ceb77778a08ec29be500000000000000000000000000000006]
[554/585    0s] Csc Library/Bee/artifacts/2000b0aE.dag/Unity.XR.ARFoundation.Editor.dll (+2 others)
[           0s] Csc Library/Bee/artifacts/2000b0aE.dag/Unity.XR.ARFoundation.Editor.dll (+2 others) [CacheWrite 7f7e9c775308b5e7ee950be44ec4a59400000000000000000000000000000006]
[555/585    0s] Csc Library/Bee/artifacts/2000b0aE.dag/Unity.XR.ARFoundation.VisualScripting.dll (+2 others)
[556/585    0s] Csc Library/Bee/artifacts/2000b0aE.dag/Unity.XR.Simulation.Editor.dll (+2 others)
[           0s] Csc Library/Bee/artifacts/2000b0aE.dag/Unity.XR.ARFoundation.VisualScripting.dll (+2 others) [CacheWrite 5e8740d4c6987fa730130416613b08b600000000000000000000000000000006]
[           0s] Csc Library/Bee/artifacts/2000b0aE.dag/Unity.XR.Simulation.Editor.dll (+2 others) [CacheWrite a417cc313faac790c8e0aa181526478d00000000000000000000000000000006]
[557/585    0s] Csc Library/Bee/artifacts/2000b0aE.dag/Unity.XR.ARCore.Editor.dll (+2 others)
[558/585    0s] ILPostProcess Library/Bee/artifacts/2000b0aE.dag/post-processed/Unity.XR.ARFoundation.Editor.dll (+pdb)
Processing assembly Library/Bee/artifacts/2000b0aE.dag/Unity.XR.ARFoundation.Editor.dll, with 123 defines and 312 references

processors: zzzUnity.Burst.CodeGen.BurstILPostProcessor

1 processor(s) skipped this assembly
[559/585    0s] CopyFiles Library/ScriptAssemblies/Unity.XR.ARFoundation.Editor.pdb
[           0s] Csc Library/Bee/artifacts/2000b0aE.dag/Unity.XR.ARCore.Editor.dll (+2 others) [CacheWrite fb4c8a088d8d32ceb77778a08ec29be500000000000000000000000000000006]
[560/585    0s] MovedFromExtractor Library/Bee/artifacts/mvdfrm/Unity.XR.ARFoundation.Editor.ref.dll_48AEC7D6640CFE5B.mvfrm
[561/585    0s] CopyFiles Library/ScriptAssemblies/Unity.XR.ARFoundation.Editor.dll
[562/585    0s] ILPostProcess Library/Bee/artifacts/2000b0aE.dag/post-processed/Unity.XR.ARFoundation.VisualScripting.dll (+pdb)
Processing assembly Library/Bee/artifacts/2000b0aE.dag/Unity.XR.ARFoundation.VisualScripting.dll, with 125 defines and 291 references

processors: zzzUnity.Burst.CodeGen.BurstILPostProcessor

1 processor(s) skipped this assembly
[563/585    0s] CopyFiles Library/ScriptAssemblies/Unity.XR.ARFoundation.VisualScripting.pdb
[564/585    0s] CopyFiles Library/ScriptAssemblies/Unity.XR.ARFoundation.VisualScripting.dll
[565/585    0s] MovedFromExtractor Library/Bee/artifacts/mvdfrm/Unity.XR.ARFoundation.VisualScripting.ref.dll_07DF2A5A60BD477F.mvfrm
[566/585    0s] MovedFromExtractor Library/Bee/artifacts/mvdfrm/Unity.XR.Simulation.Editor.ref.dll_E7E86964553BEFE8.mvfrm
[567/585    0s] ILPostProcess Library/Bee/artifacts/2000b0aE.dag/post-processed/Unity.XR.Simulation.Editor.dll (+pdb)
Processing assembly Library/Bee/artifacts/2000b0aE.dag/Unity.XR.Simulation.Editor.dll, with 124 defines and 310 references

processors: zzzUnity.Burst.CodeGen.BurstILPostProcessor

1 processor(s) skipped this assembly
[568/585    0s] CopyFiles Library/ScriptAssemblies/Unity.XR.Simulation.Editor.pdb
[569/585    0s] ILPostProcess Library/Bee/artifacts/2000b0aE.dag/post-processed/Unity.XR.ARCore.Editor.dll (+pdb)
Processing assembly Library/Bee/artifacts/2000b0aE.dag/Unity.XR.ARCore.Editor.dll, with 123 defines and 310 references

processors: zzzUnity.Burst.CodeGen.BurstILPostProcessor

1 processor(s) skipped this assembly
[570/585    0s] MovedFromExtractor Library/Bee/artifacts/mvdfrm/Unity.XR.ARCore.Editor.ref.dll_9B594E0EAC5FB27F.mvfrm
[571/585    0s] CopyFiles Library/ScriptAssemblies/Unity.XR.ARCore.Editor.pdb
[572/585    0s] MovedFromExtractor-Combine Library/Bee/artifacts/2000b0aE.dag/Unity.XR.ARFoundation.VisualScripting.Editor.dll.mvfrm
[573/585    0s] CopyFiles Library/ScriptAssemblies/Unity.XR.Simulation.Editor.dll
[           0s] Csc Library/Bee/artifacts/2000b0aE.dag/Unity.XR.ARFoundation.VisualScripting.Editor.dll (+2 others) [CacheMiss adbb1dc57ac435545a1a7411206d4d8a00000000000000000000000000000006]
[574/585    0s] CopyFiles Library/ScriptAssemblies/Unity.XR.ARCore.Editor.dll
[575/585    0s] Csc Library/Bee/artifacts/2000b0aE.dag/Unity.XR.ARFoundation.VisualScripting.Editor.dll (+2 others)
[           0s] Csc Library/Bee/artifacts/2000b0aE.dag/Unity.XR.ARFoundation.VisualScripting.Editor.dll (+2 others) [CacheWrite adbb1dc57ac435545a1a7411206d4d8a00000000000000000000000000000006]
[576/585    0s] ILPostProcess Library/Bee/artifacts/2000b0aE.dag/post-processed/Unity.XR.ARFoundation.VisualScripting.Editor.dll (+pdb)
Processing assembly Library/Bee/artifacts/2000b0aE.dag/Unity.XR.ARFoundation.VisualScripting.Editor.dll, with 123 defines and 305 references

processors: zzzUnity.Burst.CodeGen.BurstILPostProcessor

1 processor(s) skipped this assembly
[577/585    0s] CopyFiles Library/ScriptAssemblies/Unity.XR.ARFoundation.VisualScripting.Editor.dll
[578/585    0s] CopyFiles Library/ScriptAssemblies/Unity.XR.ARFoundation.VisualScripting.Editor.pdb
[579/585    0s] MovedFromExtractor Library/Bee/artifacts/mvdfrm/Unity.XR.ARFoundation.VisualScripting.Editor.ref.dll_AF8A46E5C80DDD22.mvfrm
[580/585    0s] MovedFromExtractor-Combine Library/Bee/artifacts/2000b0aE.dag/Assembly-CSharp.dll.mvfrm
[581/585    0s] Csc Library/Bee/artifacts/2000b0aE.dag/Assembly-CSharp.dll (+2 others)
Assets\unity-ar-module\Scripts\ARPlacementManager.cs(18,26): warning CS0618: 'Object.FindObjectOfType<T>()' is obsolete: 'Object.FindObjectOfType has been deprecated. Use Object.FindAnyObjectByType instead.'

Assets\unity-ar-module\Scripts\ARPlacementManager.cs(19,24): warning CS0618: 'Object.FindObjectOfType<T>()' is obsolete: 'Object.FindObjectOfType has been deprecated. Use Object.FindAnyObjectByType instead.'
[582/585    0s] ILPostProcess Library/Bee/artifacts/2000b0aE.dag/post-processed/Assembly-CSharp.dll (+pdb)
Processing assembly Library/Bee/artifacts/2000b0aE.dag/Assembly-CSharp.dll, with 125 defines and 317 references

processors: zzzUnity.Burst.CodeGen.BurstILPostProcessor

1 processor(s) skipped this assembly
[583/585    0s] CopyFiles Library/ScriptAssemblies/Assembly-CSharp.dll
[584/585    0s] CopyFiles Library/ScriptAssemblies/Assembly-CSharp.pdb
*** Tundra build success (35.33 seconds), 424 items updated, 585 evaluated
Assets\unity-ar-module\Scripts\ARPlacementManager.cs(18,26): warning CS0618: 'Object.FindObjectOfType<T>()' is obsolete: 'Object.FindObjectOfType has been deprecated. Use Object.FindAnyObjectByType instead.'
Assets\unity-ar-module\Scripts\ARPlacementManager.cs(19,24): warning CS0618: 'Object.FindObjectOfType<T>()' is obsolete: 'Object.FindObjectOfType has been deprecated. Use Object.FindAnyObjectByType instead.'
Total cache size 63877264
Total cache size after purge 63877264, took 00:00:00.1629069
Reloading assemblies after forced synchronous recompile.
Begin MonoManager ReloadAssembly
Refreshing native plugins compatible for Editor in 2.57 ms, found 1 plugins.
Native extension for WindowsStandalone target not found
Native extension for WebGL target not found
[MODES] ModeService[none].Initialize
[MODES] ModeService[none].LoadModes
ScheduleIndexationOnStartup MainProcess:True IndexOnStartup:True
Scripting: successfully reloaded assembly
- Finished resetting the current domain, in  2.561 seconds
Domain Reload Profiling: 5499ms
	BeginReloadAssembly (1023ms)
		DisableScriptedObjects (234ms)
		CreateAndSetChildDomain (382ms)
	RebuildCommonClasses (17ms)
	RebuildNativeTypeToScriptingClass (26ms)
	initialDomainReloadingComplete (252ms)
	LoadAllAssembliesAndSetupDomain (1617ms)
		LoadAssemblies (1425ms)
		TypeCache.Refresh (65ms)
			TypeCache.ScanAssembly (52ms)
		AnalyzeDomain (41ms)
			BuildScriptInfoCaches (34ms)
			ResolveRequiredComponents (4ms)
	FinalizeReload (2563ms)
		SetupLoadedEditorAssemblies (0ms)
			LogAssemblyErrors (3ms)
			InitializePlatformSupportModulesInManaged (3ms)
			BeforeProcessingInitializeOnLoad (322ms)
			ProcessInitializeOnLoadAttributes (440ms)
			ProcessInitializeOnLoadMethodAttributes (88ms)
			AfterProcessingInitializeOnLoad (9ms)
		AwakeInstancesAfterBackupRestoration (1129ms)

Asset Pipeline Refresh (id=26adafb169ef030429353e15b4e5cb56): Total: 37.322 seconds - Initiated by RefreshV2(AllowForceSynchronousImport)
	(Values over 0.05ms)
	Summary:
		Imports: total=0 (actual=0, local cache=0, cache server=0)
		Asset DB Process Time: managed=0 ms, native=2668 ms
		Asset DB Callback time: managed=40 ms, native=1 ms
		Scripting: domain reloads=1, domain reload time=3080 ms, compile time=31533 ms, other=0 ms
		Project Asset Count: scripts=600, non-scripts=408
		Asset File Changes: new=0, changed=0, moved=0, deleted=0
		Scan Filter Count: 0
	InvokePackagesCallback: 3.554ms
	ApplyChangesToAssetFolders: 0.410ms
	Collect global state as custom dependencies: 2.376ms
	ProcessAssetsWithTransientArtifactChanges: 3.467ms
	CategorizeAssets: 13.791ms
	CompileScripts: 31532.541ms
	ImportOutOfDateAssets: 2574.329ms (2567.656ms without children)
		CollectScriptTypesHashes: 0.552ms
		ReloadNativeAssets: 0.201ms
		UnloadImportedAssets: 5.535ms
		EnsureUptoDateAssetsAreRegisteredWithGuidPM: 0.287ms
		ImportSchedulerStart: 0.629ms
	PostProcessAllAssets: 40.160ms
		MonoPostProcessAllAssets: 40.153ms
			AssetPostprocessor.OnPostprocessAllAssets 39.465ms
			BuilderAssetPostprocessor.OnPostprocessAllAssets 20.902ms
			AssetCallbacks.OnPostprocessAllAssets 14.802ms
			WindowAssetPostprocessingWatcher.OnPostprocessAllAssets 11.909ms
			RetainedModeAssetPostprocessor.OnPostprocessAllAssets 10.665ms
			SyncVS.PostprocessSyncProject 5.748ms
			AssetChangedListener.OnPostprocessAllAssets 5.082ms
			InputActionJsonNameModifierAssetProcessor.OnPostprocessAllAssets 4.541ms
			TextAssetPostProcessor.OnPostprocessAllAssets 4.002ms
			ConfigAssetsTracker.OnPostprocessAllAssets 1.944ms
			EditModeScopePostprocessor.OnPostprocessAllAssets 1.780ms
			SpeedTree9Postprocessor.OnPostprocessAllAssets 1.503ms
			TMPro_TexturePostProcessor.OnPostprocessAllAssets 1.407ms
			StyleCatalogPostProcessor.OnPostprocessAllAssets 0.776ms
			EnvironmentAssetPostprocessor.OnPostprocessAllAssets 0.726ms
			AudioMixerPostprocessor.OnPostprocessAllAssets 0.710ms
			ArtifactBrowserPostProcessor.OnPostprocessAllAssets 0.641ms
			ScenarioDriftAssetsTracker.OnPostprocessAllAssets 0.581ms
			InputActionAssetPostprocessor.OnPostprocessAllAssets 0.553ms
			ReferencedClipsPostProcessor.OnPostprocessAllAssets 0.551ms
			ProjectSettingsPostprocessor.OnPostprocessAllAssets 0.461ms
			SpeedTreePostProcessor.OnPostprocessAllAssets 0.418ms
			AssetEvents.OnPostprocessAllAssets 0.415ms
			TerrainToolbarOverlayPostProcessor.OnPostprocessAllAssets 0.303ms
			ThemePostprocessor.OnPostprocessAllAssets 0.281ms
			AssetDatabaseCallbacks.OnPostprocessAllAssets 0.275ms
			AudioContainerPostProcessor.OnPostprocessAllAssets 0.263ms
			RenderPipelineGlobalSettingsPostprocessor.OnPostprocessAllAssets 0.172ms
	GatherAllCurrentPrimaryImportResultRevisions: 0.070ms
	GenerateScriptTypeHashes: 3.322ms
	GenerateScriptTypeSerializationHashes: 6.073ms
	Untracked: 3129.606ms

[Licensing::Client] Successfully resolved entitlement details
[Licensing::Client] Successfully resolved entitlement details
[Licensing::Client] Successfully resolved entitlement details
Asset Pipeline Refresh (id=c41d990a55f36a04892f8c5ab0c13728): Total: 0.007 seconds - Initiated by RefreshV2(AllowForceSynchronousImport)
Asset Pipeline Refresh (id=ea90aa95ab102d6448ec214f0141225f): Total: 0.009 seconds - Initiated by RefreshV2(AllowForceSynchronousImport)
Asset Pipeline Refresh (id=32cf11a5f4389094da9dd8e12e10d82d): Total: 0.006 seconds - Initiated by RefreshV2(AllowForceSynchronousImport)
Asset Pipeline Refresh (id=e5280ce7ee18e184ea2ff1ee2d7252c1): Total: 0.007 seconds - Initiated by RefreshV2(AllowForceSynchronousImport)
Asset Pipeline Refresh (id=aac695bc4c4feff43b252422dc1dd1f2): Total: 0.008 seconds - Initiated by RefreshV2(AllowForceSynchronousImport)
Asset Pipeline Refresh (id=357a73c2e2018654c9b11de9be8dc355): Total: 0.009 seconds - Initiated by RefreshV2(AllowForceSynchronousImport)
Asset Pipeline Refresh (id=e7dd605423995cd4eb5ccf90ad3632a9): Total: 0.007 seconds - Initiated by RefreshV2(AllowForceSynchronousImport)
Asset Pipeline Refresh (id=2f78e995817e17e4aafd7d314f577dbc): Total: 0.008 seconds - Initiated by RefreshV2(AllowForceSynchronousImport)
Asset Pipeline Refresh (id=eda92bf6069f1fe458d54215ffa926d9): Total: 0.006 seconds - Initiated by RefreshV2(AllowForceSynchronousImport)
Asset Pipeline Refresh (id=eadb8f210603c664da027837a8939e79): Total: 0.006 seconds - Initiated by RefreshV2(AllowForceSynchronousImport)
Curl error 6: Could not resolve host: cdp.cloud.unity3d.com
Assertion failed on expression: 'm_CmdState == kEmpty'
Assertion failed on expression: 'm_CmdState == kEmpty'
d3d12 : Creation of resource 'BufferD3D12::CreateBufferResource() Buffer' (1280 x 1) format 0 failed (887a0005).
d3d12: Failed to process DXGI messages. Enable the debug layer!
d3d12: Device failed error (887a0005).
d3d12: Device removed reason (887a0007).
d3d12: GfxDevice was not out of Local memory
d3d12: Local memory usage:
 Budget: 3531289396
 CurrentUsage: 223014912
 AvailableForReservation: 67108864
 CurrentReservation: 1869506150
d3d12: GfxDevice was not out of Non-Local memory
d3d12: Non-Local memory usage:
 Budget: 7556349440
 CurrentUsage: 285319168
 AvailableForReservation: 0
 CurrentReservation: 3912392448
d3d12: Unrecoverable GPU device error! Run with -force-d3d12-debug and see logs for more info.
Cannot use DisplayDialog because it was run from a thread that is not the main thread: Fatal Error! d3d12: Unrecoverable GPU device error! Run with -force-d3d12-debug and see logs for more info.

Crash!!!
SymInit: Symbol-SearchPath: 'C:/Program Files/Unity/Hub/Editor/6000.6.0f1/Editor/Data/Mono;.;C:\Users\RAJATH M P\OneDrive\Desktop\heart;C:\Users\RAJATH M P\OneDrive\Desktop\heart\Library\BurstCache\JIT;C:\Program Files\Unity\Hub\Editor\6000.6.0f1\Editor;C:\windows;C:\windows\system32;', symOptions: 534, UserName: 'RAJATH M P'
OS-Version: 10.0.0
C:\Program Files\Unity\Hub\Editor\6000.6.0f1\Editor\Unity.exe:Unity.exe (00007FF704760000), size: 290816 (result: 0), SymType: '-deferred-', PDB: '', fileVersion: 6000.6.0.63725
C:\windows\SYSTEM32\ntdll.dll:ntdll.dll (00007FFBCFEC0000), size: 2519040 (result: 0), SymType: '-deferred-', PDB: '', fileVersion: 10.0.26100.9444
C:\windows\System32\KERNEL32.DLL:KERNEL32.DLL (00007FFBCDEB0000), size: 831488 (result: 0), SymType: '-deferred-', PDB: '', fileVersion: 10.0.26100.9444
C:\windows\System32\KERNELBASE.dll:KERNELBASE.dll (00007FFBCD0C0000), size: 4202496 (result: 0), SymType: '-deferred-', PDB: '', fileVersion: 10.0.26100.9444
C:\windows\System32\USER32.dll:USER32.dll (00007FFBCEAB0000), size: 1896448 (result: 0), SymType: '-deferred-', PDB: '', fileVersion: 10.0.26100.9444
C:\windows\System32\win32u.dll:win32u.dll (00007FFBCD9C0000), size: 159744 (result: 0), SymType: '-deferred-', PDB: '', fileVersion: 10.0.26100.9444
C:\windows\System32\GDI32.dll:GDI32.dll (00007FFBCECF0000), size: 176128 (result: 0), SymType: '-deferred-', PDB: '', fileVersion: 10.0.26100.8328
C:\windows\System32\gdi32full.dll:gdi32full.dll (00007FFBCD890000), size: 1216512 (result: 0), SymType: '-deferred-', PDB: '', fileVersion: 10.0.26100.9444
C:\windows\System32\msvcp_win.dll:msvcp_win.dll (00007FFBCD4D0000), size: 667648 (result: 0), SymType: '-deferred-', PDB: '', fileVersion: 10.0.26100.9444
C:\windows\System32\ucrtbase.dll:ucrtbase.dll (00007FFBCDA80000), size: 1359872 (result: 0), SymType: '-deferred-', PDB: '', fileVersion: 10.0.26100.9444
C:\windows\System32\IMM32.DLL:IMM32.DLL (00007FFBCDC90000), size: 200704 (result: 0), SymType: '-deferred-', PDB: '', fileVersion: 10.0.26100.9278
C:\Program Files\Unity\Hub\Editor\6000.6.0f1\Editor\Unity.dll:Unity.dll (00007FFAD52D0000), size: 100585472 (result: 0), SymType: '-deferred-', PDB: '', fileVersion: 6000.6.0.63725
C:\windows\System32\ADVAPI32.dll:ADVAPI32.dll (00007FFBCE720000), size: 770048 (result: 0), SymType: '-deferred-', PDB: '', fileVersion: 10.0.26100.9278
C:\windows\System32\msvcrt.dll:msvcrt.dll (00007FFBCDBE0000), size: 692224 (result: 0), SymType: '-deferred-', PDB: '', fileVersion: 7.0.26100.9444
C:\Program Files\Unity\Hub\Editor\6000.6.0f1\Editor\s3tcompress.dll:s3tcompress.dll (00007FFBC44A0000), size: 180224 (result: 0), SymType: '-deferred-', PDB: ''
C:\windows\System32\sechost.dll:sechost.dll (00007FFBCE8F0000), size: 692224 (result: 0), SymType: '-deferred-', PDB: '', fileVersion: 10.0.26100.9444
C:\windows\System32\RPCRT4.dll:RPCRT4.dll (00007FFBCF0C0000), size: 1146880 (result: 0), SymType: '-deferred-', PDB: '', fileVersion: 10.0.26100.9444
C:\Program Files\Unity\Hub\Editor\6000.6.0f1\Editor\libfbxsdk.dll:libfbxsdk.dll (00007FFADE7A0000), size: 8019968 (result: 0), SymType: '-deferred-', PDB: '', fileVersion: 2020.3.7.0
C:\Program Files\Unity\Hub\Editor\6000.6.0f1\Editor\etccompress.dll:etccompress.dll (00007FFAEEBF0000), size: 5070848 (result: 0), SymType: '-deferred-', PDB: ''
C:\Program Files\Unity\Hub\Editor\6000.6.0f1\Editor\SketchUpAPI.dll:SketchUpAPI.dll (00007FFADEF50000), size: 24559616 (result: 0), SymType: '-deferred-', PDB: '', fileVersion: 26.0.0.0
C:\windows\System32\ole32.dll:ole32.dll (00007FFBCF760000), size: 1679360 (result: 0), SymType: '-deferred-', PDB: '', fileVersion: 10.0.26100.9444
C:\Program Files\Unity\Hub\Editor\6000.6.0f1\Editor\ispc_texcomp.dll:ispc_texcomp.dll (00007FFAEFD60000), size: 1826816 (result: 0), SymType: '-deferred-', PDB: ''
C:\windows\System32\combase.dll:combase.dll (00007FFBCED30000), size: 3690496 (result: 0), SymType: '-deferred-', PDB: '', fileVersion: 10.0.26100.9444
C:\windows\System32\SETUPAPI.dll:SETUPAPI.dll (00007FFBCF9F0000), size: 4747264 (result: 0), SymType: '-deferred-', PDB: '', fileVersion: 10.0.26100.9444
C:\Program Files\Unity\Hub\Editor\6000.6.0f1\Editor\FreeImage.dll:FreeImage.dll (0000000180000000), size: 5332992 (result: 0), SymType: '-deferred-', PDB: '', fileVersion: 3.18.0.0
C:\windows\System32\SHELL32.dll:SHELL32.dll (00007FFBCDF80000), size: 7962624 (result: 0), SymType: '-deferred-', PDB: '', fileVersion: 10.0.26100.9278
C:\windows\System32\WS2_32.dll:WS2_32.dll (00007FFBCF430000), size: 524288 (result: 0), SymType: '-deferred-', PDB: '', fileVersion: 10.0.26100.9444
C:\windows\System32\shcore.dll:shcore.dll (00007FFBCDCD0000), size: 1028096 (result: 0), SymType: '-deferred-', PDB: '', fileVersion: 10.0.26100.9444
C:\windows\System32\SHLWAPI.dll:SHLWAPI.dll (00007FFBCF900000), size: 417792 (result: 0), SymType: '-deferred-', PDB: '', fileVersion: 10.0.26100.9444
C:\Program Files\Unity\Hub\Editor\6000.6.0f1\Editor\WinPixEventRuntime.dll:WinPixEventRuntime.dll (00007FFBC5A40000), size: 57344 (result: 0), SymType: '-deferred-', PDB: '', fileVersion: 1.0.2403.8001
C:\windows\System32\CRYPT32.dll:CRYPT32.dll (00007FFBCD700000), size: 1564672 (result: 0), SymType: '-deferred-', PDB: '', fileVersion: 10.0.26100.9278
C:\windows\System32\WINTRUST.dll:WINTRUST.dll (00007FFBCD9F0000), size: 532480 (result: 0), SymType: '-deferred-', PDB: '', fileVersion: 10.0.26100.9444
C:\windows\System32\OLEAUT32.dll:OLEAUT32.dll (00007FFBCF1E0000), size: 888832 (result: 0), SymType: '-deferred-', PDB: '', fileVersion: 10.0.26100.9278
C:\windows\SYSTEM32\MSVCP140.dll:MSVCP140.dll (00007FFBBB3F0000), size: 643072 (result: 0), SymType: '-deferred-', PDB: '', fileVersion: 14.51.36247.0
C:\Program Files\Unity\Hub\Editor\6000.6.0f1\Editor\GFSDK_Aftermath_Lib.x64.dll:GFSDK_Aftermath_Lib.x64.dll (00007FFADE200000), size: 5849088 (result: 0), SymType: '-deferred-', PDB: '', fileVersion: 2.26.0.0
C:\windows\SYSTEM32\VCRUNTIME140.dll:VCRUNTIME140.dll (00007FFBBB4F0000), size: 180224 (result: 0), SymType: '-deferred-', PDB: '', fileVersion: 14.51.36247.0
C:\windows\SYSTEM32\VCRUNTIME140_1.dll:VCRUNTIME140_1.dll (00007FFBBB570000), size: 49152 (result: 0), SymType: '-deferred-', PDB: '', fileVersion: 14.51.36247.0
C:\windows\SYSTEM32\bcrypt.dll:bcrypt.dll (00007FFBCCFB0000), size: 172032 (result: 0), SymType: '-deferred-', PDB: '', fileVersion: 10.0.26100.9444
C:\windows\WinSxS\amd64_microsoft.windows.common-controls_6595b64144ccf1df_6.0.26100.9278_none_3e0d1ba8e3303201\COMCTL32.dll:COMCTL32.dll (00007FFBAE2B0000), size: 2686976 (result: 0), SymType: '-deferred-', PDB: '', fileVersion: 6.10.26100.9278
C:\windows\SYSTEM32\d3d11.dll:d3d11.dll (00007FFBC8AD0000), size: 2490368 (result: 0), SymType: '-deferred-', PDB: '', fileVersion: 10.0.26100.9278
C:\windows\SYSTEM32\d3d12.dll:d3d12.dll (00007FFB6B7C0000), size: 143360 (result: 0), SymType: '-deferred-', PDB: '', fileVersion: 10.0.26100.9278
C:\windows\SYSTEM32\dwmapi.dll:dwmapi.dll (00007FFBCA390000), size: 192512 (result: 0), SymType: '-deferred-', PDB: '', fileVersion: 10.0.26100.9278
C:\windows\SYSTEM32\dxgi.dll:dxgi.dll (00007FFBCA210000), size: 1290240 (result: 0), SymType: '-deferred-', PDB: '', fileVersion: 10.0.26100.9444
C:\windows\SYSTEM32\IPHLPAPI.DLL:IPHLPAPI.DLL (00007FFBCB770000), size: 208896 (result: 0), SymType: '-deferred-', PDB: '', fileVersion: 10.0.26100.9278
C:\windows\SYSTEM32\HID.DLL:HID.DLL (00007FFBCB3B0000), size: 61440 (result: 0), SymType: '-deferred-', PDB: '', fileVersion: 10.0.26100.1150
C:\windows\SYSTEM32\OPENGL32.dll:OPENGL32.dll (00007FFBAEA00000), size: 1097728 (result: 0), SymType: '-deferred-', PDB: '', fileVersion: 10.0.26100.9278
C:\Program Files\Unity\Hub\Editor\6000.6.0f1\Editor\SketchUpCommonPreferences.dll:SketchUpCommonPreferences.dll (00007FFAEFCB0000), size: 708608 (result: 0), SymType: '-deferred-', PDB: '', fileVersion: 26.0.0.0
C:\windows\SYSTEM32\MSVCP140_CODECVT_IDS.dll:MSVCP140_CODECVT_IDS.dll (00007FFBC5A30000), size: 28672 (result: 0), SymType: '-deferred-', PDB: '', fileVersion: 14.51.36247.0
C:\windows\SYSTEM32\dbghelp.dll:dbghelp.dll (00007FFBC1990000), size: 2408448 (result: 0), SymType: '-deferred-', PDB: '', fileVersion: 10.0.26100.9444
C:\windows\SYSTEM32\WINHTTP.dll:WINHTTP.dll (00007FFBC62D0000), size: 1220608 (result: 0), SymType: '-deferred-', PDB: '', fileVersion: 10.0.26100.9278
C:\windows\SYSTEM32\WINMM.dll:WINMM.dll (00007FFBC1760000), size: 221184 (result: 0), SymType: '-deferred-', PDB: '', fileVersion: 10.0.26100.9278
C:\windows\SYSTEM32\Secur32.dll:Secur32.dll (00007FFBC9F70000), size: 53248 (result: 0), SymType: '-deferred-', PDB: '', fileVersion: 10.0.26100.7705
C:\windows\SYSTEM32\GLU32.dll:GLU32.dll (00007FFBB2A60000), size: 184320 (result: 0), SymType: '-deferred-', PDB: '', fileVersion: 10.0.26100.1150
C:\Program Files\Unity\Hub\Editor\6000.6.0f1\Editor\NativeProxyHelper.dll:NativeProxyHelper.dll (00007FFAEF770000), size: 1789952 (result: 0), SymType: '-deferred-', PDB: ''
C:\windows\SYSTEM32\WSOCK32.dll:WSOCK32.dll (00007FFBB28A0000), size: 40960 (result: 0), SymType: '-deferred-', PDB: '', fileVersion: 10.0.26100.1
C:\windows\SYSTEM32\VERSION.dll:VERSION.dll (00007FFBC3300000), size: 45056 (result: 0), SymType: '-deferred-', PDB: '', fileVersion: 10.0.26100.1150
C:\windows\SYSTEM32\powrprof.dll:powrprof.dll (00007FFBCCF20000), size: 385024 (result: 0), SymType: '-deferred-', PDB: '', fileVersion: 10.0.26100.3912
C:\windows\SYSTEM32\dxcore.dll:dxcore.dll (00007FFBCA3F0000), size: 278528 (result: 0), SymType: '-deferred-', PDB: '', fileVersion: 10.0.26100.9278
C:\Program Files\Unity\Hub\Editor\6000.6.0f1\Editor\umbraoptimizer64.dll:umbraoptimizer64.dll (00007FFAE0BF0000), size: 1187840 (result: 0), SymType: '-deferred-', PDB: ''
C:\Program Files\Unity\Hub\Editor\6000.6.0f1\Editor\compress_bc7e.dll:compress_bc7e.dll (00007FFADE0A0000), size: 1433600 (result: 0), SymType: '-deferred-', PDB: ''
C:\windows\SYSTEM32\cfgmgr32.DLL:cfgmgr32.DLL (00007FFBCCC40000), size: 335872 (result: 0), SymType: '-deferred-', PDB: '', fileVersion: 10.0.26100.9278
C:\windows\SYSTEM32\SSPICLI.DLL:SSPICLI.DLL (00007FFBCC050000), size: 299008 (result: 0), SymType: '-deferred-', PDB: '', fileVersion: 10.0.26100.9278
C:\windows\SYSTEM32\MSWSOCK.DLL:MSWSOCK.DLL (00007FFBCC350000), size: 442368 (result: 0), SymType: '-deferred-', PDB: '', fileVersion: 10.0.26100.9278
C:\windows\SYSTEM32\UMPDC.dll:UMPDC.dll (00007FFBCCF00000), size: 86016 (result: 0), SymType: '-deferred-', PDB: '', fileVersion: 10.0.26100.8972
C:\windows\SYSTEM32\MSASN1.dll:MSASN1.dll (00007FFBCC6C0000), size: 77824 (result: 0), SymType: '-deferred-', PDB: '', fileVersion: 10.0.26100.9444
C:\windows\System32\bcryptprimitives.dll:bcryptprimitives.dll (00007FFBCD580000), size: 704512 (result: 0), SymType: '-deferred-', PDB: '', fileVersion: 10.0.26100.9444
C:\windows\SYSTEM32\kernel.appcore.dll:kernel.appcore.dll (00007FFBCBD90000), size: 110592 (result: 0), SymType: '-deferred-', PDB: '', fileVersion: 10.0.26100.9278
C:\windows\system32\uxtheme.dll:uxtheme.dll (00007FFBCA0E0000), size: 688128 (result: 0), SymType: '-deferred-', PDB: '', fileVersion: 10.0.26100.9444
C:\windows\SYSTEM32\windows.storage.dll:windows.storage.dll (00007FFBCAAF0000), size: 9101312 (result: 0), SymType: '-deferred-', PDB: '', fileVersion: 10.0.26100.9444
C:\windows\SYSTEM32\profapi.dll:profapi.dll (00007FFBCCFE0000), size: 167936 (result: 0), SymType: '-deferred-', PDB: '', fileVersion: 10.0.26100.9444
C:\windows\System32\clbcatq.dll:clbcatq.dll (00007FFBCF6A0000), size: 712704 (result: 0), SymType: '-deferred-', PDB: '', fileVersion: 2001.12.10941.16384
C:\windows\SYSTEM32\CRYPTSP.dll:CRYPTSP.dll (00007FFBCC640000), size: 110592 (result: 0), SymType: '-deferred-', PDB: '', fileVersion: 10.0.26100.9444
C:\windows\system32\rsaenh.dll:rsaenh.dll (00007FFBCBCF0000), size: 233472 (result: 0), SymType: '-deferred-', PDB: '', fileVersion: 10.0.26100.7705
C:\windows\system32\IconCodecService.dll:IconCodecService.dll (00007FFB789E0000), size: 45056 (result: 0), SymType: '-deferred-', PDB: '', fileVersion: 10.0.26100.1
C:\windows\system32\wbem\wbemprox.dll:wbemprox.dll (00007FFBB4BA0000), size: 73728 (result: 0), SymType: '-deferred-', PDB: '', fileVersion: 10.0.26100.9278
C:\windows\SYSTEM32\wbemcomn.dll:wbemcomn.dll (00007FFBB4B20000), size: 499712 (result: 0), SymType: '-deferred-', PDB: '', fileVersion: 10.0.26100.7920
C:\windows\SYSTEM32\CRYPTBASE.dll:CRYPTBASE.dll (00007FFBCC660000), size: 49152 (result: 0), SymType: '-deferred-', PDB: '', fileVersion: 10.0.26100.9444
C:\windows\SYSTEM32\WindowsCodecs.dll:WindowsCodecs.dll (00007FFBC8060000), size: 2326528 (result: 0), SymType: '-deferred-', PDB: '', fileVersion: 10.0.26100.9444
C:\windows\System32\imagehlp.dll:imagehlp.dll (00007FFBCEA80000), size: 131072 (result: 0), SymType: '-deferred-', PDB: '', fileVersion: 10.0.26100.4202
C:\windows\System32\netprofm.dll:netprofm.dll (00007FFBC7B70000), size: 450560 (result: 0), SymType: '-deferred-', PDB: '', fileVersion: 10.0.26100.9278
C:\windows\system32\wbem\wbemsvc.dll:wbemsvc.dll (00007FFBBF410000), size: 86016 (result: 0), SymType: '-deferred-', PDB: '', fileVersion: 10.0.26100.9278
C:\windows\system32\wbem\fastprox.dll:fastprox.dll (00007FFBBCC80000), size: 1003520 (result: 0), SymType: '-deferred-', PDB: '', fileVersion: 10.0.26100.9444
C:\windows\SYSTEM32\amsi.dll:amsi.dll (00007FFBB37F0000), size: 118784 (result: 0), SymType: '-deferred-', PDB: '', fileVersion: 10.0.26100.7309
C:\windows\System32\npmproxy.dll:npmproxy.dll (00007FFBC5430000), size: 102400 (result: 0), SymType: '-deferred-', PDB: '', fileVersion: 10.0.26100.9278
C:\windows\SYSTEM32\USERENV.dll:USERENV.dll (00007FFBCC400000), size: 212992 (result: 0), SymType: '-deferred-', PDB: '', fileVersion: 10.0.26100.9278
C:\Program Files\McAfee\wps\1.40.161.1\mc-sec-plugin-x64.dll:mc-sec-plugin-x64.dll (00007FFBB36C0000), size: 1196032 (result: 0), SymType: '-deferred-', PDB: '', fileVersion: 1.140.263.0
C:\ProgramData\Microsoft\Windows Defender\Platform\4.18.26080.3-0\MpOav.dll:MpOav.dll (00007FFBB3090000), size: 671744 (result: 0), SymType: '-deferred-', PDB: '', fileVersion: 4.18.26080.3
C:\windows\SYSTEM32\gpapi.dll:gpapi.dll (00007FFBCC3D0000), size: 151552 (result: 0), SymType: '-deferred-', PDB: '', fileVersion: 10.0.26100.9444
C:\Windows\System32\cryptnet.dll:cryptnet.dll (00007FFBC28C0000), size: 241664 (result: 0), SymType: '-deferred-', PDB: '', fileVersion: 10.0.26100.9278
C:\windows\SYSTEM32\WINNSI.DLL:WINNSI.DLL (00007FFBCA1F0000), size: 57344 (result: 0), SymType: '-deferred-', PDB: '', fileVersion: 10.0.26100.9444
C:\windows\System32\NSI.dll:NSI.dll (00007FFBCDDF0000), size: 40960 (result: 0), SymType: '-deferred-', PDB: '', fileVersion: 10.0.26100.9444
C:\windows\SYSTEM32\dhcpcsvc6.DLL:dhcpcsvc6.DLL (00007FFBC6110000), size: 118784 (result: 0), SymType: '-deferred-', PDB: '', fileVersion: 10.0.26100.9444
C:\windows\SYSTEM32\dhcpcsvc.DLL:dhcpcsvc.DLL (00007FFBC6070000), size: 151552 (result: 0), SymType: '-deferred-', PDB: '', fileVersion: 10.0.26100.9444
C:\windows\SYSTEM32\DNSAPI.dll:DNSAPI.dll (00007FFBCB810000), size: 1409024 (result: 0), SymType: '-deferred-', PDB: '', fileVersion: 10.0.26100.9444
C:\windows\SYSTEM32\DSPARSE.dll:DSPARSE.dll (00007FFBCC150000), size: 53248 (result: 0), SymType: '-deferred-', PDB: '', fileVersion: 10.0.26100.1
C:\windows\system32\napinsp.dll:napinsp.dll (00007FFBABC90000), size: 98304 (result: 0), SymType: '-deferred-', PDB: '', fileVersion: 10.0.26100.1150
C:\windows\System32\winrnr.dll:winrnr.dll (00007FFBABC70000), size: 77824 (result: 0), SymType: '-deferred-', PDB: '', fileVersion: 10.0.26100.9278
C:\windows\system32\nlansp_c.dll:nlansp_c.dll (00007FFBAA040000), size: 159744 (result: 0), SymType: '-deferred-', PDB: '', fileVersion: 10.0.26100.9278
C:\windows\system32\wshbth.dll:wshbth.dll (00007FFBC4C90000), size: 90112 (result: 0), SymType: '-deferred-', PDB: '', fileVersion: 10.0.26100.8875
C:\windows\System32\fwpuclnt.dll:fwpuclnt.dll (00007FFBC65C0000), size: 548864 (result: 0), SymType: '-deferred-', PDB: '', fileVersion: 10.0.26100.9444
C:\Windows\System32\rasadhlp.dll:rasadhlp.dll (00007FFBC4C80000), size: 45056 (result: 0), SymType: '-deferred-', PDB: '', fileVersion: 10.0.26100.7920
C:\Program Files\Unity\Hub\Editor\6000.6.0f1\Editor\AMDUnityPlugin.DLL:AMDUnityPlugin.DLL (00007FFAD1A20000), size: 9895936 (result: 0), SymType: '-deferred-', PDB: ''
C:\Program Files\Unity\Hub\Editor\6000.6.0f1\Editor\NVUnityPlugin.DLL:NVUnityPlugin.DLL (00007FFABAA70000), size: 1646592 (result: 0), SymType: '-deferred-', PDB: ''
C:\Program Files\Unity\Hub\Editor\6000.6.0f1\Editor\Data\Tools\astcenc-avx2.dll:astcenc-avx2.dll (00007FFAD19C0000), size: 352256 (result: 0), SymType: '-deferred-', PDB: ''
C:\windows\System32\MSCTF.dll:MSCTF.dll (00007FFBCF2D0000), size: 1421312 (result: 0), SymType: '-deferred-', PDB: '', fileVersion: 10.0.26100.9278
C:\windows\SYSTEM32\TextShaping.dll:TextShaping.dll (00007FFBA63D0000), size: 1028096 (result: 0), SymType: '-deferred-', PDB: '', fileVersion: 10.0.26100.9444
C:\windows\SYSTEM32\textinputframework.dll:textinputframework.dll (00007FFBBF2B0000), size: 1318912 (result: 0), SymType: '-deferred-', PDB: '', fileVersion: 10.0.26100.9278
C:\windows\SYSTEM32\CoreMessaging.dll:CoreMessaging.dll (00007FFBC9AC0000), size: 1224704 (result: 0), SymType: '-deferred-', PDB: '', fileVersion: 10.0.26100.9444
C:\windows\SYSTEM32\CoreUIComponents.dll:CoreUIComponents.dll (00007FFBC2920000), size: 3031040 (result: 0), SymType: '-deferred-', PDB: '', fileVersion: 10.0.26100.9278
C:\windows\SYSTEM32\wintypes.dll:wintypes.dll (00007FFBC6F20000), size: 1482752 (result: 0), SymType: '-deferred-', PDB: '', fileVersion: 10.0.26100.9444
C:\windows\system32\explorerframe.dll:explorerframe.dll (00007FFB7C450000), size: 3244032 (result: 0), SymType: '-deferred-', PDB: '', fileVersion: 10.0.26100.9278
C:\windows\SYSTEM32\mfplat.dll:mfplat.dll (00007FFBC5500000), size: 2248704 (result: 0), SymType: '-deferred-', PDB: '', fileVersion: 10.0.26100.9278
C:\windows\SYSTEM32\RTWorkQ.DLL:RTWorkQ.DLL (00007FFBC54A0000), size: 241664 (result: 0), SymType: '-deferred-', PDB: '', fileVersion: 10.0.26100.8972
C:\windows\SYSTEM32\mfreadwrite.dll:mfreadwrite.dll (00007FFB7E080000), size: 872448 (result: 0), SymType: '-deferred-', PDB: '', fileVersion: 10.0.26100.9278
C:\windows\SYSTEM32\Mf.dll:Mf.dll (00007FFB87B60000), size: 622592 (result: 0), SymType: '-deferred-', PDB: '', fileVersion: 10.0.26100.9444
C:\windows\SYSTEM32\MFCORE.DLL:MFCORE.DLL (00007FFB24790000), size: 4296704 (result: 0), SymType: '-deferred-', PDB: '', fileVersion: 10.0.26100.9278
C:\windows\SYSTEM32\CompPkgSup.DLL:CompPkgSup.DLL (00007FFBB6F00000), size: 204800 (result: 0), SymType: '-deferred-', PDB: '', fileVersion: 10.0.26100.8521
C:\Windows\System32\Windows.Media.dll:Windows.Media.dll (00007FFB954A0000), size: 6934528 (result: 0), SymType: '-deferred-', PDB: '', fileVersion: 10.0.26100.9278
C:\Windows\System32\Windows.ApplicationModel.dll:Windows.ApplicationModel.dll (00007FFBA66C0000), size: 884736 (result: 0), SymType: '-deferred-', PDB: '', fileVersion: 10.0.26100.9444
C:\Windows\System32\Windows.StateRepositoryPS.dll:Windows.StateRepositoryPS.dll (00007FFBA0A60000), size: 802816 (result: 0), SymType: '-deferred-', PDB: '', fileVersion: 10.0.26100.9444
C:\Windows\System32\AppXDeploymentClient.dll:AppXDeploymentClient.dll (00007FFBC4CB0000), size: 1515520 (result: 0), SymType: '-deferred-', PDB: '', fileVersion: 10.0.26100.9278
C:\windows\System32\MMDevApi.dll:MMDevApi.dll (00007FFBC5730000), size: 675840 (result: 0), SymType: '-deferred-', PDB: '', fileVersion: 10.0.26100.9444
C:\windows\System32\DEVOBJ.dll:DEVOBJ.dll (00007FFBCCBE0000), size: 192512 (result: 0), SymType: '-deferred-', PDB: '', fileVersion: 10.0.26100.9278
C:\windows\SYSTEM32\AUDIOSES.DLL:AUDIOSES.DLL (00007FFBACA30000), size: 1798144 (result: 0), SymType: '-deferred-', PDB: '', fileVersion: 10.0.26100.9444
C:\windows\SYSTEM32\resourcepolicyclient.dll:resourcepolicyclient.dll (00007FFBCA770000), size: 81920 (result: 0), SymType: '-deferred-', PDB: '', fileVersion: 10.0.26100.8115
C:\windows\SYSTEM32\directxdatabasehelper.dll:directxdatabasehelper.dll (00007FFBC60A0000), size: 385024 (result: 0), SymType: '-deferred-', PDB: '', fileVersion: 10.0.26100.9444
C:\Program Files\Unity\Hub\Editor\6000.6.0f1\Editor\D3D12\D3D12Core.dll:D3D12Core.dll (00007FFABA310000), size: 4780032 (result: 0), SymType: '-deferred-', PDB: '', fileVersion: 1.618.1.0
C:\windows\System32\DriverStore\FileRepository\nvhm.inf_amd64_f0c4c3905d48bee7\nvldumdx.dll:nvldumdx.dll (00007FFABA240000), size: 806912 (result: 0), SymType: '-deferred-', PDB: '', fileVersion: 32.0.15.9282
C:\windows\SYSTEM32\wldp.dll:wldp.dll (00007FFBCC740000), size: 434176 (result: 0), SymType: '-deferred-', PDB: '', fileVersion: 10.0.26100.9444
C:\windows\SYSTEM32\drvstore.dll:drvstore.dll (00007FFBC2740000), size: 1548288 (result: 0), SymType: '-deferred-', PDB: '', fileVersion: 10.0.26100.9444
C:\windows\System32\DriverStore\FileRepository\nvhm.inf_amd64_f0c4c3905d48bee7\nvgpucomp64.dll:nvgpucomp64.dll (00007FFAF94E0000), size: 80736256 (result: 0), SymType: '-deferred-', PDB: '', fileVersion: 32.0.15.9282
C:\windows\System32\DriverStore\FileRepository\nvhm.inf_amd64_f0c4c3905d48bee7\Display.NvContainer\NvMessageBus.dll:NvMessageBus.dll (00007FFBB4D50000), size: 3551232 (result: 0), SymType: '-deferred-', PDB: '', fileVersion: 3.15.3538.9611
C:\windows\System32\DriverStore\FileRepository\nvhm.inf_amd64_f0c4c3905d48bee7\NvMemMapStoragex.dll:NvMemMapStoragex.dll (00007FFABA110000), size: 1245184 (result: 0), SymType: '-deferred-', PDB: ''
C:\windows\System32\DriverStore\FileRepository\nvhm.inf_amd64_f0c4c3905d48bee7\nvwgf2umx.dll:nvwgf2umx.dll (00007FFAB5020000), size: 84860928 (result: 0), SymType: '-deferred-', PDB: '', fileVersion: 32.0.15.9282
C:\windows\system32\nvspcap64.dll:nvspcap64.dll (00007FFB5B220000), size: 1339392 (result: 0), SymType: '-deferred-', PDB: '', fileVersion: 11.0.5.420
C:\windows\SYSTEM32\ntmarta.dll:ntmarta.dll (00007FFBCBEC0000), size: 221184 (result: 0), SymType: '-deferred-', PDB: '', fileVersion: 10.0.26100.7019
C:\windows\System32\DriverStore\FileRepository\nvhm.inf_amd64_f0c4c3905d48bee7\nvppex.dll:nvppex.dll (00007FFADB2C0000), size: 1798144 (result: 0), SymType: '-deferred-', PDB: '', fileVersion: 32.0.15.9282
C:\windows\SYSTEM32\D3DSCache.dll:D3DSCache.dll (00007FFBBF4A0000), size: 913408 (result: 0), SymType: '-deferred-', PDB: '', fileVersion: 10.0.26100.9278
C:\Program Files\Unity\Hub\Editor\6000.6.0f1\Editor\DirectML.dll:DirectML.dll (00007FFB5A4B0000), size: 14061568 (result: 0), SymType: '-deferred-', PDB: '', fileVersion: 1.13.1.0
C:\windows\SYSTEM32\d3d11on12.dll:d3d11on12.dll (00007FFBB27D0000), size: 692224 (result: 0), SymType: '-deferred-', PDB: '', fileVersion: 10.0.26100.9278
C:\windows\SYSTEM32\opencl.dll:opencl.dll (00007FFB8A730000), size: 483328 (result: 0), SymType: '-deferred-', PDB: '', fileVersion: 3.0.6.0
C:\Program Files\Unity\Hub\Editor\6000.6.0f1\Editor\radeonrays.dll:radeonrays.dll (00007FFBC5BE0000), size: 344064 (result: 0), SymType: '-deferred-', PDB: ''
C:\Program Files\Unity\Hub\Editor\6000.6.0f1\Editor\Data\MonoBleedingEdge\EmbedRuntime\mono-2.0-bdwgc.dll:mono-2.0-bdwgc.dll (00007FFB59A60000), size: 10760192 (result: 0), SymType: '-deferred-', PDB: ''
C:\Program Files\Unity\Hub\Editor\6000.6.0f1\Editor\Data\Tools\Burst\Client\burst-compilerclient-native.dll:burst-compilerclient-native.dll (00007FFB98200000), size: 380928 (result: 0), SymType: '-deferred-', PDB: ''
C:\Users\RAJATH M P\OneDrive\Desktop\heart\Library\BurstCache\JIT\a5298ab9cad4d106069e9134b62bf488.dll:a5298ab9cad4d106069e9134b62bf488.dll (00007FFB39210000), size: 12288 (result: 0), SymType: '-deferred-', PDB: ''
C:\windows\system32\apphelp.dll:apphelp.dll (00007FFBC9EC0000), size: 651264 (result: 0), SymType: '-deferred-', PDB: '', fileVersion: 10.0.26100.9444
C:\windows\system32\dataexchange.dll:dataexchange.dll (00007FFB81780000), size: 376832 (result: 0), SymType: '-deferred-', PDB: '', fileVersion: 10.0.26100.9278
C:\windows\system32\twinapi.appcore.dll:twinapi.appcore.dll (00007FFBC4A20000), size: 2424832 (result: 0), SymType: '-deferred-', PDB: '', fileVersion: 10.0.26100.9444
C:\windows\System32\DriverStore\FileRepository\u0405435.inf_amd64_9baac50837c89f2b\B405279\aticfx64.dll:aticfx64.dll (00007FFBC17A0000), size: 1814528 (result: 0), SymType: '-deferred-', PDB: '', fileVersion: 31.0.21914.5002
C:\windows\System32\DriverStore\FileRepository\u0405435.inf_amd64_9baac50837c89f2b\B405279\atiuxp64.dll:atiuxp64.dll (00007FFBC15E0000), size: 233472 (result: 0), SymType: '-deferred-', PDB: '', fileVersion: 31.0.21914.5002
C:\windows\System32\DriverStore\FileRepository\u0405435.inf_amd64_9baac50837c89f2b\B405279\atidxx64.dll:atidxx64.dll (00007FFBBF660000), size: 32972800 (result: 0), SymType: '-deferred-', PDB: '', fileVersion: 31.0.21914.5002
C:\windows\SYSTEM32\amdihk64.dll:amdihk64.dll (00007FFBBF620000), size: 217088 (result: 0), SymType: '-deferred-', PDB: '', fileVersion: 2.0.0.1788
C:\windows\SYSTEM32\dcomp.dll:dcomp.dll (00007FFBC9440000), size: 2248704 (result: 0), SymType: '-deferred-', PDB: '', fileVersion: 10.0.26100.9278
C:\windows\SYSTEM32\Microsoft.Internal.WarpPal.dll:Microsoft.Internal.WarpPal.dll (00007FFBC8820000), size: 106496 (result: 0), SymType: '-deferred-', PDB: ''
C:\Windows\System32\Windows.Gaming.Input.dll:Windows.Gaming.Input.dll (00007FFBBEDF0000), size: 884736 (result: 0), SymType: '-deferred-', PDB: '', fileVersion: 10.0.26100.9278
C:\windows\SYSTEM32\inputhost.dll:inputhost.dll (00007FFBA64D0000), size: 1978368 (result: 0), SymType: '-deferred-', PDB: '', fileVersion: 10.0.26100.9278
C:\windows\SYSTEM32\xinput9_1_0.dll:xinput9_1_0.dll (00007FFB391F0000), size: 36864 (result: 0), SymType: '-deferred-', PDB: '', fileVersion: 10.0.26100.1
C:\windows\SYSTEM32\dxilconv.dll:dxilconv.dll (00007FFB38890000), size: 1458176 (result: 0), SymType: '-deferred-', PDB: '', fileVersion: 101.9.2602.1349
C:\windows\system32\Ninput.dll:Ninput.dll (00007FFB83B10000), size: 524288 (result: 0), SymType: '-deferred-', PDB: '', fileVersion: 10.0.26100.9278

========== OUTPUTTING STACK TRACE ==================

0x00007FFBCD1841CA (KERNELBASE) RaiseException
d3d12: swapchain present failed (887a0005).
d3d12: swapchain present failed (887a0005).
d3d12: Failed to process DXGI messages. Enable the debug layer!
d3d12: Device failed error (887a0005).
d3d12: Device removed reason (887a0007).
d3d12: GfxDevice was not out of Local memory
d3d12: Local memory usage:
 Budget: 3531289396
 CurrentUsage: 223014912
 AvailableForReservation: 67108864
 CurrentReservation: 1869506150
d3d12: GfxDevice was not out of Non-Local memory
d3d12: Non-Local memory usage:
 Budget: 7556349440
 CurrentUsage: 285319168
 AvailableForReservation: 0
 CurrentReservation: 3912392448
d3d12: Unrecoverable GPU device error! Run with -force-d3d12-debug and see logs for more info.
Cannot use DisplayDialog because it was run from a thread that is not the main thread: Fatal Error! d3d12: Unrecoverable GPU device error! Run with -force-d3d12-debug and see logs for more info.

0x00007FFAD62EC236 (Unity) LaunchBugReporter
0x00007FFAD6B72CAF (Unity) EditorMonoConsole::LogToConsoleImplementation
0x00007FFAD6B737E7 (Unity) EditorMonoConsole::LogToConsoleImplementation
0x00007FFAD8A9DB94 (Unity) DebugStringToFilePostprocessedStacktrace
0x00007FFAD8A9D3AF (Unity) DebugStringToFile
0x00007FFAD8165EB9 (Unity) CheckDeviceStatus
0x00007FFAD819FEB4 (Unity) GfxDeviceD3D12::ReportResourceCreationError
0x00007FFAD8191057 (Unity) GfxDeviceD3D12::CreateResourceWithTag
0x00007FFAD81C865D (Unity) BufferD3D12::CreateBufferResource
0x00007FFAD81CAC2D (Unity) BufferD3D12::InitializeResource
0x00007FFAD81590DA (Unity) BufferD3D12::Initialize
0x00007FFAD819A7CD (Unity) GfxDeviceD3D12::InitializeBufferInternal
0x00007FFAD7D0CA73 (Unity) GfxDeviceWorker::RunCommand
0x00007FFAD7D10CFC (Unity) GfxDeviceWorker::RunExt
0x00007FFAD7D10E2F (Unity) GfxDeviceWorker::RunGfxDeviceWorker
0x00007FFAD8AC533C (Unity) Thread::RunThreadWrapper
0x00007FFBCDEDCD87 (KERNEL32) BaseThreadInitThunk
0x00007FFBCFF6CAEC (ntdll) RtlUserThreadStart

========== END OF STACKTRACE ===========

A crash has been intercepted by the crash handler. For call stack and other details, see the latest crash report generated in:
 * C:/Users/RAJATH~1/AppData/Local/Temp/Unity/Editor/Crashes
